score	page	triggers	class	note
4	page-1156	bahan,bumbu,resep,masakan
4	page-1150	bahan,bumbu,resep,masakan
4	page-1140	bahan,bumbu,resep,masakan
4	page-1132	bahan,bumbu,resep,masakan
4	page-1130	bahan,bumbu,resep,masakan
4	page-1128	bahan,bumbu,resep,masakan
4	page-1124	bahan,bumbu,resep,masakan
4	page-1120	bahan,bumbu,resep,masakan
4	page-1118	bahan,bumbu,resep,masakan
4	page-1112	bahan,bumbu,resep,masakan
4	page-1110	bahan,bumbu,resep,masakan
4	page-1100	bahan,bumbu,resep,masakan
4	page-1098	bahan,bumbu,resep,masakan
4	page-1092	bahan,bumbu,resep,masakan
4	page-1086	bahan,bumbu,resep,masakan
4	page-1084	bahan,bumbu,resep,masakan
4	page-1074	bahan,bumbu,resep,masakan
4	page-1072	bahan,bumbu,resep,masakan
4	page-1066	bahan,bumbu,resep,masakan
4	page-1062	bahan,bumbu,resep,masakan
4	page-1058	bahan,bumbu,resep,masakan
4	page-1056	bahan,bumbu,resep,masakan
4	page-1054	bahan,bumbu,resep,masakan
4	page-1052	bahan,bumbu,resep,masakan
4	page-1048	bahan,bumbu,resep,masakan
4	page-1044	bahan,bumbu,resep,masakan
4	page-1042	bahan,bumbu,resep,masakan
4	page-1040	bahan,bumbu,resep,masakan
4	page-1038	bahan,bumbu,resep,masakan
4	page-1034	bahan,bumbu,resep,masakan
4	page-1030	bahan,bumbu,resep,masakan
4	page-1028	bahan,bumbu,resep,masakan
4	page-1024	bahan,bumbu,resep,masakan
4	page-1020	bahan,bumbu,resep,masakan
4	page-1018	bahan,bumbu,resep,masakan
4	page-1016	bahan,bumbu,resep,masakan
4	page-1010	bahan,bumbu,resep,masakan
4	page-1004	bahan,bumbu,resep,masakan
4	page-1000	bahan,bumbu,resep,masakan
4	page-0996	bahan,bumbu,resep,masakan
4	page-0984	bahan,bumbu,resep,masakan
4	page-0974	bahan,bumbu,resep,masakan
4	page-0958	bahan,bumbu,resep,masakan
4	page-0954	bahan,bumbu,resep,masakan
4	page-0952	bahan,bumbu,resep,masakan
4	page-0946	bahan,bumbu,resep,masakan
4	page-0942	bahan,bumbu,resep,masakan
4	page-0940	bahan,bumbu,resep,masakan
4	page-0938	bahan,bumbu,resep,masakan
4	page-0934	bahan,bumbu,resep,masakan
4	page-0932	bahan,bumbu,resep,masakan
4	page-0926	bahan,bumbu,resep,masakan
4	page-0924	bahan,bumbu,resep,masakan
4	page-0918	bahan,bumbu,resep,masakan
4	page-0916	bahan,bumbu,resep,masakan
4	page-0908	bahan,bumbu,resep,masakan
4	page-0906	bahan,bumbu,resep,masakan
4	page-0904	bahan,bumbu,resep,masakan
4	page-0902	bahan,bumbu,resep,masakan
4	page-0888	bahan,bumbu,resep,masakan
4	page-0884	bahan,bumbu,resep,masakan
4	page-0882	bahan,bumbu,resep,masakan
4	page-0872	bahan,bumbu,resep,masakan
4	page-0870	bahan,bumbu,resep,masakan
4	page-0868	bahan,bumbu,resep,masakan
4	page-0864	bahan,bumbu,resep,masakan
4	page-0862	bahan,bumbu,resep,masakan
4	page-0850	bahan,bumbu,resep,masakan
4	page-0846	bahan,bumbu,resep,masakan
4	page-0844	bahan,bumbu,resep,masakan
4	page-0842	bahan,bumbu,resep,masakan
4	page-0840	bahan,bumbu,resep,masakan
4	page-0838	bahan,bumbu,resep,masakan
4	page-0836	bahan,bumbu,resep,masakan
4	page-0834	bahan,bumbu,resep,masakan
4	page-0832	bahan,bumbu,resep,masakan
4	page-0828	bahan,bumbu,resep,masakan
4	page-0826	bahan,bumbu,resep,masakan
4	page-0824	bahan,bumbu,resep,masakan
4	page-0822	bahan,bumbu,resep,masakan
4	page-0820	bahan,bumbu,resep,masakan
4	page-0816	bahan,bumbu,resep,masakan
4	page-0814	bahan,bumbu,resep,masakan
4	page-0810	bahan,bumbu,resep,masakan
4	page-0806	bahan,bumbu,resep,masakan
4	page-0804	bahan,bumbu,resep,masakan
4	page-0802	bahan,bumbu,resep,masakan
4	page-0798	bahan,bumbu,resep,masakan
4	page-0796	bahan,bumbu,resep,masakan
4	page-0794	bahan,bumbu,resep,masakan
4	page-0792	bahan,bumbu,resep,masakan
4	page-0790	bahan,bumbu,resep,masakan
4	page-0788	bahan,bumbu,resep,masakan
4	page-0786	bahan,bumbu,resep,masakan
4	page-0784	bahan,bumbu,resep,masakan
4	page-0782	bahan,bumbu,resep,masakan
4	page-0780	bahan,bumbu,resep,masakan
4	page-0778	bahan,bumbu,resep,masakan
4	page-0776	bahan,bumbu,resep,masakan
4	page-0774	bahan,bumbu,resep,masakan
4	page-0772	bahan,bumbu,resep,masakan
4	page-0770	bahan,bumbu,resep,masakan
4	page-0768	bahan,bumbu,resep,masakan
4	page-0766	bahan,bumbu,resep,masakan
4	page-0762	bahan,bumbu,resep,masakan
4	page-0760	bahan,bumbu,resep,masakan
4	page-0758	bahan,bumbu,resep,masakan
4	page-0756	bahan,bumbu,resep,masakan
4	page-0754	bahan,bumbu,resep,masakan
4	page-0752	bahan,bumbu,resep,masakan
4	page-0748	bahan,bumbu,resep,masakan
4	page-0746	bahan,bumbu,resep,masakan
4	page-0744	bahan,bumbu,resep,masakan
4	page-0742	bahan,bumbu,resep,masakan
4	page-0740	bahan,bumbu,resep,masakan
4	page-0738	bahan,bumbu,resep,masakan
4	page-0736	bahan,bumbu,resep,masakan
4	page-0734	bahan,bumbu,resep,masakan
4	page-0732	bahan,bumbu,resep,masakan
4	page-0730	bahan,bumbu,resep,masakan
4	page-0728	bahan,bumbu,resep,masakan
4	page-0726	bahan,bumbu,resep,masakan
4	page-0724	bahan,bumbu,resep,masakan
4	page-0722	bahan,bumbu,resep,masakan
4	page-0716	bahan,bumbu,resep,masakan
4	page-0714	bahan,bumbu,resep,masakan
4	page-0712	bahan,bumbu,resep,masakan
4	page-0710	bahan,bumbu,resep,masakan
4	page-0708	bahan,bumbu,resep,masakan
4	page-0706	bahan,bumbu,resep,masakan
4	page-0704	bahan,bumbu,resep,masakan
4	page-0702	bahan,bumbu,resep,masakan
4	page-0700	bahan,bumbu,resep,masakan
4	page-0698	bahan,bumbu,resep,masakan
4	page-0696	bahan,bumbu,resep,masakan
4	page-0694	bahan,bumbu,resep,masakan
4	page-0692	bahan,bumbu,resep,masakan
4	page-0690	bahan,bumbu,resep,masakan
4	page-0688	bahan,bumbu,resep,masakan
4	page-0686	bahan,bumbu,resep,masakan
4	page-0684	bahan,bumbu,resep,masakan
4	page-0682	bahan,bumbu,resep,masakan
4	page-0680	bahan,bumbu,resep,masakan
4	page-0678	bahan,bumbu,resep,masakan
4	page-0676	bahan,bumbu,resep,masakan
4	page-0674	bahan,bumbu,resep,masakan
4	page-0672	bahan,bumbu,resep,masakan
4	page-0670	bahan,bumbu,resep,masakan
4	page-0668	bahan,bumbu,resep,masakan
4	page-0666	bahan,bumbu,resep,masakan
4	page-0664	bahan,bumbu,resep,masakan
4	page-0662	bahan,bumbu,resep,masakan
4	page-0660	bahan,bumbu,resep,masakan
4	page-0658	bahan,bumbu,resep,masakan
4	page-0656	bahan,bumbu,resep,masakan
4	page-0654	bahan,bumbu,resep,masakan
4	page-0652	bahan,bumbu,resep,masakan
4	page-0650	bahan,bumbu,resep,masakan
4	page-0648	bahan,bumbu,resep,masakan
4	page-0646	bahan,bumbu,resep,masakan
4	page-0642	bahan,bumbu,resep,masakan
4	page-0640	bahan,bumbu,resep,masakan
4	page-0638	bahan,bumbu,resep,masakan
4	page-0636	bahan,bumbu,resep,masakan
4	page-0634	bahan,bumbu,resep,masakan
4	page-0632	bahan,bumbu,resep,masakan
4	page-0630	bahan,bumbu,resep,masakan
4	page-0628	bahan,bumbu,resep,masakan
4	page-0626	bahan,bumbu,resep,masakan
4	page-0624	bahan,bumbu,resep,masakan
4	page-0622	bahan,bumbu,resep,masakan
4	page-0620	bahan,bumbu,resep,masakan
4	page-0618	bahan,bumbu,resep,masakan
4	page-0616	bahan,bumbu,resep,masakan
4	page-0614	bahan,bumbu,resep,masakan
4	page-0612	bahan,bumbu,resep,masakan
4	page-0610	bahan,bumbu,resep,masakan
4	page-0608	bahan,bumbu,resep,masakan
4	page-0606	bahan,bumbu,resep,masakan
4	page-0604	bahan,bumbu,resep,masakan
4	page-0602	bahan,bumbu,resep,masakan
4	page-0600	bahan,bumbu,resep,masakan
4	page-0598	bahan,bumbu,resep,masakan
4	page-0596	bahan,bumbu,resep,masakan
4	page-0594	bahan,bumbu,resep,masakan
4	page-0592	bahan,bumbu,resep,masakan
4	page-0590	bahan,bumbu,resep,masakan
4	page-0588	bahan,bumbu,resep,masakan
4	page-0586	bahan,bumbu,resep,masakan
4	page-0584	bahan,bumbu,resep,masakan
4	page-0582	bahan,bumbu,resep,masakan
4	page-0580	bahan,bumbu,resep,masakan
4	page-0578	bahan,bumbu,resep,masakan
4	page-0576	bahan,bumbu,resep,masakan
4	page-0574	bahan,bumbu,resep,masakan
4	page-0572	bahan,bumbu,resep,masakan
4	page-0570	bahan,bumbu,resep,masakan
4	page-0568	bahan,bumbu,resep,masakan
4	page-0566	bahan,bumbu,resep,masakan
4	page-0564	bahan,bumbu,resep,masakan
4	page-0562	bahan,bumbu,resep,masakan
4	page-0560	bahan,bumbu,resep,masakan
4	page-0558	bahan,bumbu,resep,masakan
4	page-0556	bahan,bumbu,resep,masakan
4	page-0554	bahan,bumbu,resep,masakan
4	page-0552	bahan,bumbu,resep,masakan
4	page-0550	bahan,bumbu,resep,masakan
4	page-0548	bahan,bumbu,resep,masakan
4	page-0546	bahan,bumbu,resep,masakan
4	page-0544	bahan,bumbu,resep,masakan
4	page-0542	bahan,bumbu,resep,masakan
4	page-0540	bahan,bumbu,resep,masakan
4	page-0538	bahan,bumbu,resep,masakan
4	page-0536	bahan,bumbu,resep,masakan
4	page-0534	bahan,bumbu,resep,masakan
4	page-0532	bahan,bumbu,resep,masakan
4	page-0530	bahan,bumbu,resep,masakan
4	page-0528	bahan,bumbu,resep,masakan
4	page-0526	bahan,bumbu,resep,masakan
4	page-0524	bahan,bumbu,resep,masakan
4	page-0522	bahan,bumbu,resep,masakan
4	page-0520	bahan,bumbu,resep,masakan
4	page-0518	bahan,bumbu,resep,masakan
4	page-0516	bahan,bumbu,resep,masakan
4	page-0514	bahan,bumbu,resep,masakan
4	page-0512	bahan,bumbu,resep,masakan
4	page-0510	bahan,bumbu,resep,masakan
4	page-0508	bahan,bumbu,resep,masakan
4	page-0506	bahan,bumbu,resep,masakan
4	page-0504	bahan,bumbu,resep,masakan
4	page-0502	bahan,bumbu,resep,masakan
4	page-0500	bahan,bumbu,resep,masakan
4	page-0498	bahan,bumbu,resep,masakan
4	page-0496	bahan,bumbu,resep,masakan
4	page-0494	bahan,bumbu,resep,masakan
4	page-0492	bahan,bumbu,resep,masakan
4	page-0490	bahan,bumbu,resep,masakan
4	page-0488	bahan,bumbu,resep,masakan
4	page-0486	bahan,bumbu,resep,masakan
4	page-0484	bahan,bumbu,resep,masakan
4	page-0482	bahan,bumbu,resep,masakan
4	page-0480	bahan,bumbu,resep,masakan
4	page-0478	bahan,bumbu,resep,masakan
4	page-0476	bahan,bumbu,resep,masakan
4	page-0472	bahan,bumbu,resep,masakan
4	page-0470	bahan,bumbu,resep,masakan
4	page-0468	bahan,bumbu,resep,masakan
4	page-0466	bahan,bumbu,resep,masakan
4	page-0464	bahan,bumbu,resep,masakan
4	page-0462	bahan,bumbu,resep,masakan
4	page-0460	bahan,bumbu,resep,masakan
4	page-0458	bahan,bumbu,resep,masakan
4	page-0456	bahan,bumbu,resep,masakan
4	page-0454	bahan,bumbu,resep,masakan
4	page-0452	bahan,bumbu,resep,masakan
4	page-0450	bahan,bumbu,resep,masakan
4	page-0448	bahan,bumbu,resep,masakan
4	page-0446	bahan,bumbu,resep,masakan
4	page-0444	bahan,bumbu,resep,masakan
4	page-0442	bahan,bumbu,resep,masakan
4	page-0440	bahan,bumbu,resep,masakan
4	page-0438	bahan,bumbu,resep,masakan
4	page-0436	bahan,bumbu,resep,masakan
4	page-0434	bahan,bumbu,resep,masakan
4	page-0432	bahan,bumbu,resep,masakan
4	page-0430	bahan,bumbu,resep,masakan
4	page-0428	bahan,bumbu,resep,masakan
4	page-0426	bahan,bumbu,resep,masakan
4	page-0424	bahan,bumbu,resep,masakan
4	page-0422	bahan,bumbu,resep,masakan
4	page-0420	bahan,bumbu,resep,masakan
4	page-0418	bahan,bumbu,resep,masakan
4	page-0416	bahan,bumbu,resep,masakan
4	page-0414	bahan,bumbu,resep,masakan
4	page-0412	bahan,bumbu,resep,masakan
4	page-0410	bahan,bumbu,resep,masakan
4	page-0408	bahan,bumbu,resep,masakan
4	page-0406	bahan,bumbu,resep,masakan
4	page-0404	bahan,bumbu,resep,masakan
4	page-0400	bahan,bumbu,resep,masakan
4	page-0398	bahan,bumbu,resep,masakan
4	page-0396	bahan,bumbu,resep,masakan
4	page-0394	bahan,bumbu,resep,masakan
4	page-0392	bahan,bumbu,resep,masakan
4	page-0390	bahan,bumbu,resep,masakan
4	page-0388	bahan,bumbu,resep,masakan
4	page-0386	bahan,bumbu,resep,masakan
4	page-0384	bahan,bumbu,resep,masakan
4	page-0382	bahan,bumbu,resep,masakan
4	page-0380	bahan,bumbu,resep,masakan
4	page-0378	bahan,bumbu,resep,masakan
4	page-0376	bahan,bumbu,resep,masakan
4	page-0374	bahan,bumbu,resep,masakan
4	page-0372	bahan,bumbu,resep,masakan
4	page-0370	bahan,bumbu,resep,masakan
4	page-0362	bahan,bumbu,resep,masakan
4	page-0360	bahan,bumbu,resep,masakan
4	page-0358	bahan,bumbu,resep,masakan
4	page-0356	bahan,bumbu,resep,masakan
4	page-0354	bahan,bumbu,resep,masakan
4	page-0352	bahan,bumbu,resep,masakan
4	page-0350	bahan,bumbu,resep,masakan
4	page-0348	bahan,bumbu,resep,masakan
4	page-0346	bahan,bumbu,resep,masakan
4	page-0344	bahan,bumbu,resep,masakan
4	page-0342	bahan,bumbu,resep,masakan
4	page-0340	bahan,bumbu,resep,masakan
4	page-0338	bahan,bumbu,resep,masakan
4	page-0336	bahan,bumbu,resep,masakan
4	page-0334	bahan,bumbu,resep,masakan
4	page-0332	bahan,bumbu,resep,masakan
4	page-0330	bahan,bumbu,resep,masakan
4	page-0326	bahan,bumbu,resep,masakan
4	page-0324	bahan,bumbu,resep,masakan
4	page-0322	bahan,bumbu,resep,masakan
4	page-0320	bahan,bumbu,resep,masakan
4	page-0318	bahan,bumbu,resep,masakan
4	page-0316	bahan,bumbu,resep,masakan
4	page-0314	bahan,bumbu,resep,masakan
4	page-0312	bahan,bumbu,resep,masakan
4	page-0308	bahan,bumbu,resep,masakan
4	page-0306	bahan,bumbu,resep,masakan
4	page-0304	bahan,bumbu,resep,masakan
4	page-0302	bahan,bumbu,resep,masakan
4	page-0300	bahan,bumbu,resep,masakan
4	page-0298	bahan,bumbu,resep,masakan
4	page-0296	bahan,bumbu,resep,masakan
4	page-0294	bahan,bumbu,resep,masakan
4	page-0292	bahan,bumbu,resep,masakan
4	page-0290	bahan,bumbu,resep,masakan
4	page-0288	bahan,bumbu,resep,masakan
4	page-0286	bahan,bumbu,resep,masakan
4	page-0284	bahan,bumbu,resep,masakan
4	page-0282	bahan,bumbu,resep,masakan
4	page-0280	bahan,bumbu,resep,masakan
4	page-0278	bahan,bumbu,resep,masakan
4	page-0276	bahan,bumbu,resep,masakan
4	page-0274	bahan,bumbu,resep,masakan
4	page-0272	bahan,bumbu,resep,masakan
4	page-0270	bahan,bumbu,resep,masakan
4	page-0268	bahan,bumbu,resep,masakan
4	page-0266	bahan,bumbu,resep,masakan
4	page-0264	bahan,bumbu,resep,masakan
4	page-0262	bahan,bumbu,resep,masakan
4	page-0260	bahan,bumbu,resep,masakan
4	page-0258	bahan,bumbu,resep,masakan
4	page-0256	bahan,bumbu,resep,masakan
4	page-0254	bahan,bumbu,resep,masakan
4	page-0252	bahan,bumbu,resep,masakan
4	page-0250	bahan,bumbu,resep,masakan
4	page-0248	bahan,bumbu,resep,masakan
4	page-0246	bahan,bumbu,resep,masakan
4	page-0242	bahan,bumbu,resep,masakan
4	page-0240	bahan,bumbu,resep,masakan
4	page-0238	bahan,bumbu,resep,masakan
4	page-0236	bahan,bumbu,resep,masakan
4	page-0234	bahan,bumbu,resep,masakan
4	page-0232	bahan,bumbu,resep,masakan
4	page-0231	bahan,bumbu,resep,masakan
4	page-0230	bahan,bumbu,resep,masakan
4	page-0228	bahan,bumbu,resep,masakan
4	page-0226	bahan,bumbu,resep,masakan
4	page-0224	bahan,bumbu,resep,masakan
4	page-0222	bahan,bumbu,resep,masakan
4	page-0220	bahan,bumbu,resep,masakan
4	page-0218	bahan,bumbu,resep,masakan
4	page-0216	bahan,bumbu,resep,masakan
4	page-0214	bahan,bumbu,resep,masakan
4	page-0210	bahan,bumbu,resep,masakan
4	page-0208	bahan,bumbu,resep,masakan
4	page-0206	bahan,bumbu,resep,masakan
4	page-0204	bahan,bumbu,resep,masakan
4	page-0202	bahan,bumbu,resep,masakan
4	page-0200	bahan,bumbu,resep,masakan
4	page-0196	bahan,bumbu,resep,masakan
4	page-0190	bahan,bumbu,resep,masakan
4	page-0188	bahan,bumbu,resep,masakan
4	page-0162	bahan,bumbu,resep,masakan
4	page-0158	bahan,bumbu,resep,masakan
4	page-0142	bahan,bumbu,resep,masakan
4	page-0128	bahan,bumbu,resep,masakan
4	page-0070	bahan,bumbu,resep,masakan
4	page-0028	bahan,bumbu,resep,masakan
3	page-1212	bumbu,resep,masakan
3	page-1210	bumbu,resep,masakan
3	page-1208	bumbu,resep,masakan
3	page-1206	bumbu,resep,masakan
3	page-1204	bumbu,resep,masakan
3	page-1198	bumbu,resep,masakan
3	page-1176	bumbu,resep,masakan
3	page-1174	bumbu,resep,masakan
3	page-1172	bumbu,resep,masakan
3	page-1170	bumbu,resep,masakan
3	page-1168	bumbu,resep,masakan
3	page-1162	bahan,resep,masakan
3	page-1160	bahan,resep,masakan
3	page-1158	bahan,resep,masakan
3	page-1154	bahan,resep,masakan
3	page-1152	bahan,resep,masakan
3	page-1144	bahan,resep,masakan
3	page-1142	bahan,resep,masakan
3	page-1138	bahan,resep,masakan
3	page-1136	bahan,resep,masakan
3	page-1134	bahan,resep,masakan
3	page-1126	bahan,resep,masakan
3	page-1122	bahan,resep,masakan
3	page-1116	bahan,resep,masakan
3	page-1114	bahan,resep,masakan
3	page-1108	bahan,resep,masakan
3	page-1106	bahan,resep,masakan
3	page-1102	bahan,resep,masakan
3	page-1096	bahan,resep,masakan
3	page-1094	bahan,resep,masakan
3	page-1090	bahan,resep,masakan
3	page-1082	bahan,resep,masakan
3	page-1080	bahan,resep,masakan
3	page-1078	bahan,resep,masakan
3	page-1076	bahan,resep,masakan
3	page-1070	bahan,resep,masakan
3	page-1068	bahan,resep,masakan
3	page-1064	bahan,resep,masakan
3	page-1060	bahan,resep,masakan
3	page-1046	bahan,resep,masakan
3	page-1036	bahan,resep,masakan
3	page-1032	bahan,resep,masakan
3	page-1022	bahan,resep,masakan
3	page-1014	bahan,resep,masakan
3	page-1012	bahan,resep,masakan
3	page-1008	bahan,resep,masakan
3	page-1006	bahan,resep,masakan
3	page-1002	bahan,resep,masakan
3	page-0998	bahan,resep,masakan
3	page-0994	bahan,resep,masakan
3	page-0992	bahan,resep,masakan
3	page-0990	bahan,resep,masakan
3	page-0988	bahan,resep,masakan
3	page-0986	bahan,resep,masakan
3	page-0980	bahan,resep,masakan
3	page-0978	bahan,resep,masakan
3	page-0976	bahan,resep,masakan
3	page-0972	bahan,resep,masakan
3	page-0970	bahan,resep,masakan
3	page-0968	bahan,resep,masakan
3	page-0966	bahan,resep,masakan
3	page-0964	bahan,resep,masakan
3	page-0962	bahan,resep,masakan
3	page-0960	bahan,resep,masakan
3	page-0956	bahan,resep,masakan
3	page-0950	bahan,resep,masakan
3	page-0948	bahan,resep,masakan
3	page-0944	bahan,resep,masakan
3	page-0936	bahan,resep,masakan
3	page-0930	bahan,resep,masakan
3	page-0922	bahan,resep,masakan
3	page-0920	bahan,resep,masakan
3	page-0914	bahan,resep,masakan
3	page-0912	bahan,resep,masakan
3	page-0910	bahan,resep,masakan
3	page-0900	bahan,resep,masakan
3	page-0898	bahan,resep,masakan
3	page-0896	bahan,resep,masakan
3	page-0894	bahan,resep,masakan
3	page-0892	bahan,resep,masakan
3	page-0890	bahan,resep,masakan
3	page-0886	bahan,resep,masakan
3	page-0880	bahan,resep,masakan
3	page-0878	bahan,resep,masakan
3	page-0876	bahan,resep,masakan
3	page-0874	bahan,resep,masakan
3	page-0866	bahan,resep,masakan
3	page-0863	bahan,bumbu,masakan
3	page-0860	bahan,resep,masakan
3	page-0858	bahan,resep,masakan
3	page-0856	bahan,resep,masakan
3	page-0854	bahan,resep,masakan
3	page-0852	bahan,resep,masakan
3	page-0848	bahan,resep,masakan
3	page-0830	bahan,resep,masakan
3	page-0819	bahan,bumbu,masakan
3	page-0818	bahan,resep,masakan
3	page-0812	bahan,resep,masakan
3	page-0808	bahan,resep,masakan
3	page-0750	bumbu,resep,masakan
3	page-0745	bahan,bumbu,masakan
3	page-0743	bahan,bumbu,masakan
3	page-0729	bahan,bumbu,masakan
3	page-0695	bahan,bumbu,masakan
3	page-0693	bahan,bumbu,masakan
3	page-0687	bahan,bumbu,masakan
3	page-0677	bahan,bumbu,masakan
3	page-0675	bahan,bumbu,masakan
3	page-0639	bahan,bumbu,masakan
3	page-0635	bahan,bumbu,masakan
3	page-0629	bahan,bumbu,masakan
3	page-0611	bahan,bumbu,masakan
3	page-0585	bahan,bumbu,masakan
3	page-0571	bahan,bumbu,masakan
3	page-0551	bahan,bumbu,masakan
3	page-0541	bahan,bumbu,masakan
3	page-0535	bahan,bumbu,masakan
3	page-0509	bahan,bumbu,masakan
3	page-0501	bahan,bumbu,masakan
3	page-0487	bahan,bumbu,masakan
3	page-0474	bahan,resep,masakan
3	page-0457	bahan,bumbu,masakan
3	page-0443	bahan,bumbu,masakan
3	page-0439	bahan,bumbu,masakan
3	page-0437	bahan,bumbu,masakan
3	page-0411	bahan,bumbu,masakan
3	page-0399	bahan,bumbu,masakan
3	page-0385	bahan,bumbu,masakan
3	page-0364	bahan,bumbu,masakan
3	page-0328	bahan,bumbu,masakan
3	page-0311	bahan,bumbu,masakan
3	page-0310	bahan,bumbu,masakan
3	page-0275	bahan,bumbu,masakan
3	page-0257	bahan,bumbu,masakan
3	page-0235	bahan,bumbu,masakan
3	page-0198	bahan,resep,masakan
3	page-0194	bahan,resep,masakan
3	page-0189	bahan,bumbu,masakan
3	page-0186	bahan,resep,masakan
3	page-0172	bahan,resep,masakan
3	page-0144	bahan,resep,masakan
3	page-0130	bahan,resep,masakan
3	page-0126	bahan,resep,masakan
3	page-0118	bumbu,resep,masakan
3	page-0117	bahan,bumbu,masakan
3	page-0116	bahan,resep,masakan
3	page-0115	bahan,bumbu,masakan
3	page-0110	bahan,resep,masakan
3	page-0080	bahan,resep,masakan
3	page-0078	bahan,resep,masakan
3	page-0068	bumbu,resep,masakan
3	page-0064	bumbu,resep,masakan
3	page-0054	bahan,resep,masakan
3	page-0052	bahan,resep,masakan
3	page-0040	bahan,resep,masakan
3	page-0024	bahan,resep,masakan
3	page-0022	bahan,resep,masakan
3	page-0020	bahan,resep,masakan
3	page-0016	bahan,resep,masakan
3	page-0010	bahan,resep,masakan
3	page-0005	bahan,resep,masakan
3	page-0003	bahan,resep,masakan
2	page-1214	resep,masakan
2	page-1207	bumbu,masakan
2	page-1202	resep,masakan
2	page-1200	resep,masakan
2	page-1196	resep,masakan
2	page-1194	resep,masakan
2	page-1192	resep,masakan
2	page-1190	resep,masakan
2	page-1186	resep,masakan
2	page-1184	resep,masakan
2	page-1182	resep,masakan
2	page-1180	resep,masakan
2	page-1178	resep,masakan
2	page-1166	resep,masakan
2	page-1161	bahan,bumbu
2	page-1159	bahan,bumbu
2	page-1155	bahan,bumbu
2	page-1143	bahan,bumbu
2	page-1141	bahan,bumbu
2	page-1139	bahan,bumbu
2	page-1133	bahan,bumbu
2	page-1131	bahan,bumbu
2	page-1129	bahan,bumbu
2	page-1127	bahan,bumbu
2	page-1125	bahan,bumbu
2	page-1121	bahan,masakan
2	page-1119	bahan,bumbu
2	page-1117	bahan,bumbu
2	page-1107	bahan,bumbu
2	page-1101	bahan,bumbu
2	page-1099	bahan,bumbu
2	page-1095	bahan,bumbu
2	page-1093	bahan,bumbu
2	page-1091	bahan,bumbu
2	page-1085	bahan,bumbu
2	page-1077	bahan,bumbu
2	page-1075	bahan,bumbu
2	page-1071	bahan,bumbu
2	page-1069	bahan,bumbu
2	page-1061	bahan,bumbu
2	page-1059	bahan,bumbu
2	page-1055	bahan,bumbu
2	page-1053	bahan,bumbu
2	page-1051	bahan,bumbu
2	page-1050	resep,masakan
2	page-1049	bahan,bumbu
2	page-1047	bahan,bumbu
2	page-1045	bahan,bumbu
2	page-1043	bahan,bumbu
2	page-1041	bahan,bumbu
2	page-1039	bahan,bumbu
2	page-1035	bahan,bumbu
2	page-1033	bahan,bumbu
2	page-1031	bahan,bumbu
2	page-1021	bahan,bumbu
2	page-1019	bahan,bumbu
2	page-1017	bahan,bumbu
2	page-1015	bahan,bumbu
2	page-1013	bahan,bumbu
2	page-1001	bahan,bumbu
2	page-0999	bahan,bumbu
2	page-0983	bahan,bumbu
2	page-0975	bahan,bumbu
2	page-0973	bahan,bumbu
2	page-0969	bahan,bumbu
2	page-0955	bahan,bumbu
2	page-0945	bahan,bumbu
2	page-0939	bahan,bumbu
2	page-0937	bahan,bumbu
2	page-0935	bahan,bumbu
2	page-0931	bahan,bumbu
2	page-0929	bahan,bumbu
2	page-0923	bahan,bumbu
2	page-0919	bahan,bumbu
2	page-0917	bahan,bumbu
2	page-0913	bahan,bumbu
2	page-0911	bahan,bumbu
2	page-0909	bahan,bumbu
2	page-0905	bahan,bumbu
2	page-0903	bahan,bumbu
2	page-0893	bahan,bumbu
2	page-0889	bahan,bumbu
2	page-0887	bahan,bumbu
2	page-0883	bahan,bumbu
2	page-0881	bahan,bumbu
2	page-0879	bahan,bumbu
2	page-0871	bahan,bumbu
2	page-0867	bahan,bumbu
2	page-0861	bahan,bumbu
2	page-0851	bahan,bumbu
2	page-0847	bahan,bumbu
2	page-0845	bahan,bumbu
2	page-0841	bahan,bumbu
2	page-0835	bahan,bumbu
2	page-0827	bahan,bumbu
2	page-0825	bahan,bumbu
2	page-0823	bahan,bumbu
2	page-0821	bahan,bumbu
2	page-0817	bahan,bumbu
2	page-0815	bahan,bumbu
2	page-0813	bahan,bumbu
2	page-0811	bahan,bumbu
2	page-0807	bahan,bumbu
2	page-0803	bahan,bumbu
2	page-0801	bahan,bumbu
2	page-0797	bahan,bumbu
2	page-0795	bahan,bumbu
2	page-0793	bahan,bumbu
2	page-0791	bahan,bumbu
2	page-0789	bahan,bumbu
2	page-0787	bahan,bumbu
2	page-0785	bahan,bumbu
2	page-0783	bahan,bumbu
2	page-0781	bahan,bumbu
2	page-0779	bahan,bumbu
2	page-0777	bahan,bumbu
2	page-0775	bahan,bumbu
2	page-0773	bahan,bumbu
2	page-0771	bahan,bumbu
2	page-0769	bahan,bumbu
2	page-0767	bahan,bumbu
2	page-0765	bahan,bumbu
2	page-0763	bahan,bumbu
2	page-0761	bahan,bumbu
2	page-0759	bahan,bumbu
2	page-0757	bahan,bumbu
2	page-0755	bahan,bumbu
2	page-0753	bahan,bumbu
2	page-0751	bahan,bumbu
2	page-0747	bahan,bumbu
2	page-0741	bahan,bumbu
2	page-0739	bahan,bumbu
2	page-0737	bahan,bumbu
2	page-0735	bahan,bumbu
2	page-0733	bahan,bumbu
2	page-0731	bahan,bumbu
2	page-0727	bahan,bumbu
2	page-0725	bahan,bumbu
2	page-0723	bahan,bumbu
2	page-0721	bahan,bumbu
2	page-0715	bahan,bumbu
2	page-0713	bahan,bumbu
2	page-0711	bahan,bumbu
2	page-0709	bahan,bumbu
2	page-0707	bahan,bumbu
2	page-0705	bahan,bumbu
2	page-0703	bahan,bumbu
2	page-0701	bahan,bumbu
2	page-0697	bahan,bumbu
2	page-0691	bahan,bumbu
2	page-0689	bahan,bumbu
2	page-0685	bahan,bumbu
2	page-0683	bahan,bumbu
2	page-0681	bahan,bumbu
2	page-0679	bahan,bumbu
2	page-0673	bahan,bumbu
2	page-0671	bahan,bumbu
2	page-0669	bahan,bumbu
2	page-0667	bahan,bumbu
2	page-0665	bahan,bumbu
2	page-0663	bahan,bumbu
2	page-0661	bahan,bumbu
2	page-0659	bahan,bumbu
2	page-0657	bahan,bumbu
2	page-0655	bahan,bumbu
2	page-0653	bahan,bumbu
2	page-0651	bahan,bumbu
2	page-0649	bahan,bumbu
2	page-0647	bahan,bumbu
2	page-0645	bahan,bumbu
2	page-0641	bahan,bumbu
2	page-0637	bahan,bumbu
2	page-0633	bahan,bumbu
2	page-0631	bahan,bumbu
2	page-0627	bahan,bumbu
2	page-0625	bahan,bumbu
2	page-0623	bahan,bumbu
2	page-0621	bahan,bumbu
2	page-0619	bahan,bumbu
2	page-0617	bahan,bumbu
2	page-0613	bahan,bumbu
2	page-0609	bahan,bumbu
2	page-0607	bahan,bumbu
2	page-0605	bahan,bumbu
2	page-0603	bahan,bumbu
2	page-0601	bahan,bumbu
2	page-0599	bahan,bumbu
2	page-0597	bahan,bumbu
2	page-0595	bahan,bumbu
2	page-0593	bahan,bumbu
2	page-0591	bahan,bumbu
2	page-0589	bahan,bumbu
2	page-0587	bahan,bumbu
2	page-0583	bahan,bumbu
2	page-0581	bahan,bumbu
2	page-0579	bahan,bumbu
2	page-0577	bahan,bumbu
2	page-0575	bahan,bumbu
2	page-0573	bahan,bumbu
2	page-0569	bahan,bumbu
2	page-0567	bahan,bumbu
2	page-0565	bahan,bumbu
2	page-0563	bahan,bumbu
2	page-0561	bahan,bumbu
2	page-0559	bahan,bumbu
2	page-0557	bahan,bumbu
2	page-0555	bahan,bumbu
2	page-0553	bahan,bumbu
2	page-0549	bahan,bumbu
2	page-0547	bahan,bumbu
2	page-0545	bahan,bumbu
2	page-0543	bahan,bumbu
2	page-0539	bahan,bumbu
2	page-0537	bahan,bumbu
2	page-0533	bahan,bumbu
2	page-0531	bahan,bumbu
2	page-0529	bahan,bumbu
2	page-0527	bahan,bumbu
2	page-0525	bahan,bumbu
2	page-0523	bahan,bumbu
2	page-0521	bahan,bumbu
2	page-0519	bahan,bumbu
2	page-0517	bahan,bumbu
2	page-0515	bahan,bumbu
2	page-0513	bahan,bumbu
2	page-0511	bahan,bumbu
2	page-0507	bahan,bumbu
2	page-0505	bahan,bumbu
2	page-0503	bahan,bumbu
2	page-0499	bahan,bumbu
2	page-0497	bahan,bumbu
2	page-0495	bahan,bumbu
2	page-0493	bahan,bumbu
2	page-0491	bahan,bumbu
2	page-0489	bahan,bumbu
2	page-0485	bahan,bumbu
2	page-0483	bahan,bumbu
2	page-0481	bahan,bumbu
2	page-0479	bahan,bumbu
2	page-0477	bahan,bumbu
2	page-0475	bahan,bumbu
2	page-0473	bahan,bumbu
2	page-0471	bahan,bumbu
2	page-0469	bahan,bumbu
2	page-0467	bahan,bumbu
2	page-0465	bahan,bumbu
2	page-0463	bahan,bumbu
2	page-0461	bahan,bumbu
2	page-0459	bahan,bumbu
2	page-0455	bahan,bumbu
2	page-0453	bahan,bumbu
2	page-0451	bahan,bumbu
2	page-0449	bahan,bumbu
2	page-0447	bahan,bumbu
2	page-0445	bahan,bumbu
2	page-0441	bahan,bumbu
2	page-0435	bahan,bumbu
2	page-0433	bahan,bumbu
2	page-0431	bahan,bumbu
2	page-0429	bahan,bumbu
2	page-0427	bahan,bumbu
2	page-0425	bahan,bumbu
2	page-0423	bahan,bumbu
2	page-0421	bahan,bumbu
2	page-0419	bahan,bumbu
2	page-0417	bahan,bumbu
2	page-0415	bahan,bumbu
2	page-0413	bahan,bumbu
2	page-0409	bahan,bumbu
2	page-0407	bahan,bumbu
2	page-0405	bahan,bumbu
2	page-0403	bahan,bumbu
2	page-0402	resep,masakan
2	page-0401	bahan,bumbu
2	page-0397	bahan,bumbu
2	page-0395	bahan,bumbu
2	page-0393	bahan,bumbu
2	page-0391	bahan,bumbu
2	page-0389	bahan,bumbu
2	page-0387	bahan,bumbu
2	page-0383	bahan,bumbu
2	page-0381	bahan,bumbu
2	page-0379	bahan,bumbu
2	page-0377	bahan,bumbu
2	page-0375	bahan,bumbu
2	page-0373	bahan,bumbu
2	page-0371	bahan,bumbu
2	page-0369	bahan,bumbu
2	page-0366	resep,masakan
2	page-0365	bahan,bumbu
2	page-0363	bahan,bumbu
2	page-0361	bahan,bumbu
2	page-0359	bahan,bumbu
2	page-0357	bahan,bumbu
2	page-0355	bahan,bumbu
2	page-0353	bahan,bumbu
2	page-0351	bahan,bumbu
2	page-0349	bahan,bumbu
2	page-0347	bahan,bumbu
2	page-0345	bahan,bumbu
2	page-0343	bahan,bumbu
2	page-0341	bahan,bumbu
2	page-0339	bahan,bumbu
2	page-0337	bahan,bumbu
2	page-0335	bahan,bumbu
2	page-0333	bahan,bumbu
2	page-0331	bahan,bumbu
2	page-0329	bahan,bumbu
2	page-0327	bahan,bumbu
2	page-0325	bahan,bumbu
2	page-0323	bahan,bumbu
2	page-0321	bahan,bumbu
2	page-0319	bahan,bumbu
2	page-0317	bahan,bumbu
2	page-0315	bahan,bumbu
2	page-0313	bahan,bumbu
2	page-0309	bahan,bumbu
2	page-0307	bahan,bumbu
2	page-0305	bahan,bumbu
2	page-0303	bahan,bumbu
2	page-0301	bahan,bumbu
2	page-0299	bahan,bumbu
2	page-0297	bahan,bumbu
2	page-0295	bahan,bumbu
2	page-0293	bahan,bumbu
2	page-0291	bahan,bumbu
2	page-0289	bahan,bumbu
2	page-0287	bahan,bumbu
2	page-0285	bahan,bumbu
2	page-0283	bahan,bumbu
2	page-0281	bahan,bumbu
2	page-0279	bahan,bumbu
2	page-0277	bahan,bumbu
2	page-0273	bahan,bumbu
2	page-0271	bahan,bumbu
2	page-0269	bahan,bumbu
2	page-0267	bahan,bumbu
2	page-0265	bahan,bumbu
2	page-0263	bahan,bumbu
2	page-0261	bahan,bumbu
2	page-0259	bahan,bumbu
2	page-0255	bahan,bumbu
2	page-0253	bahan,bumbu
2	page-0251	bahan,bumbu
2	page-0249	bahan,bumbu
2	page-0247	bahan,bumbu
2	page-0245	bahan,bumbu
2	page-0244	resep,masakan
2	page-0243	bahan,bumbu
2	page-0241	bahan,bumbu
2	page-0239	bahan,bumbu
2	page-0237	bahan,bumbu
2	page-0233	bahan,bumbu
2	page-0229	bahan,bumbu
2	page-0227	bahan,bumbu
2	page-0225	bahan,bumbu
2	page-0223	bahan,bumbu
2	page-0221	bahan,bumbu
2	page-0219	bahan,bumbu
2	page-0217	bahan,bumbu
2	page-0215	bahan,bumbu
2	page-0209	bahan,bumbu
2	page-0207	bahan,bumbu
2	page-0205	bahan,bumbu
2	page-0203	bahan,bumbu
2	page-0201	bahan,bumbu
2	page-0199	bahan,bumbu
2	page-0197	bahan,bumbu
2	page-0193	bahan,bumbu
2	page-0192	resep,masakan
2	page-0191	bahan,bumbu
2	page-0187	bahan,bumbu
2	page-0182	resep,masakan
2	page-0180	resep,masakan
2	page-0179	bahan,masakan
2	page-0178	resep,masakan
2	page-0176	resep,masakan
2	page-0174	resep,masakan
2	page-0170	resep,masakan
2	page-0168	resep,masakan
2	page-0166	resep,masakan
2	page-0164	resep,masakan
2	page-0160	resep,masakan
2	page-0156	resep,masakan
2	page-0154	resep,masakan
2	page-0152	resep,masakan
2	page-0150	resep,masakan
2	page-0148	resep,masakan
2	page-0146	resep,masakan
2	page-0140	resep,masakan
2	page-0138	resep,masakan
2	page-0136	resep,masakan
2	page-0132	resep,masakan
2	page-0129	bahan,bumbu
2	page-0127	bahan,masakan
2	page-0124	resep,masakan
2	page-0122	resep,masakan
2	page-0120	resep,masakan
2	page-0112	resep,masakan
2	page-0111	bahan,masakan
2	page-0109	resep,masakan
2	page-0108	resep,masakan
2	page-0076	resep,masakan
2	page-0074	resep,masakan
2	page-0072	resep,masakan
2	page-0069	bumbu,masakan
2	page-0066	resep,masakan
2	page-0062	resep,masakan
2	page-0060	resep,masakan
2	page-0058	resep,masakan
2	page-0056	resep,masakan
2	page-0050	resep,masakan
2	page-0048	resep,masakan
2	page-0046	resep,masakan
2	page-0044	resep,masakan
2	page-0042	resep,masakan
2	page-0038	resep,masakan
2	page-0036	resep,masakan
2	page-0034	resep,masakan
2	page-0032	resep,masakan
2	page-0030	resep,masakan
2	page-0026	resep,masakan
2	page-0018	resep,masakan
2	page-0014	resep,masakan
2	page-0012	resep,masakan
2	page-0007	resep,masakan
2	page-0006	resep,masakan
2	page-0004	bahan,resep
1	page-1211	bumbu
1	page-1209	bumbu
1	page-1205	bumbu
1	page-1203	bumbu
1	page-1201	bumbu
1	page-1197	bumbu
1	page-1188	bahan
1	page-1185	bumbu
1	page-1177	bumbu
1	page-1175	bumbu
1	page-1173	bumbu
1	page-1171	masakan
1	page-1169	bumbu
1	page-1164	masakan
1	page-1157	bahan
1	page-1153	bahan
1	page-1151	bahan
1	page-1137	bahan
1	page-1135	bahan
1	page-1123	bahan
1	page-1115	bahan
1	page-1113	bahan
1	page-1111	bahan
1	page-1109	bahan
1	page-1105	bahan
1	page-1103	bahan
1	page-1097	bahan
1	page-1089	bahan
1	page-1083	bahan
1	page-1081	bahan
1	page-1079	bahan
1	page-1073	bahan
1	page-1067	bahan
1	page-1065	bahan
1	page-1063	bahan
1	page-1057	bahan
1	page-1037	bahan
1	page-1029	bahan
1	page-1023	bahan
1	page-1011	bahan
1	page-1009	bahan
1	page-1007	bahan
1	page-1005	bahan
1	page-1003	bahan
1	page-0997	bahan
1	page-0995	bahan
1	page-0993	bahan
1	page-0991	bahan
1	page-0989	bahan
1	page-0987	bahan
1	page-0985	bahan
1	page-0979	bumbu
1	page-0977	bahan
1	page-0971	bahan
1	page-0967	bahan
1	page-0965	bahan
1	page-0963	bahan
1	page-0961	bahan
1	page-0959	bahan
1	page-0957	bahan
1	page-0953	bahan
1	page-0951	bahan
1	page-0949	bahan
1	page-0947	bahan
1	page-0943	bahan
1	page-0941	bahan
1	page-0933	bahan
1	page-0925	bahan
1	page-0921	bahan
1	page-0915	bahan
1	page-0907	bahan
1	page-0899	bahan
1	page-0897	bahan
1	page-0895	bahan
1	page-0891	bahan
1	page-0885	bahan
1	page-0877	bahan
1	page-0875	bahan
1	page-0873	bahan
1	page-0869	bahan
1	page-0865	bahan
1	page-0859	bahan
1	page-0857	bahan
1	page-0855	bahan
1	page-0853	bahan
1	page-0849	bahan
1	page-0843	bahan
1	page-0839	bahan
1	page-0837	bahan
1	page-0833	bahan
1	page-0831	bahan
1	page-0829	bahan
1	page-0809	bahan
1	page-0805	bahan
1	page-0720	bumbu
1	page-0615	bumbu
1	page-0211	bahan
1	page-0195	bahan
1	page-0173	bahan
1	page-0163	bahan
1	page-0161	bahan
1	page-0159	bahan
1	page-0157	bahan
1	page-0134	masakan
1	page-0081	bahan
1	page-0079	bahan
1	page-0071	bahan
1	page-0067	bumbu
1	page-0063	bumbu
1	page-0055	bahan
1	page-0053	bahan
1	page-0047	bahan
1	page-0045	bahan
1	page-0043	masakan
1	page-0041	bahan
1	page-0037	bumbu
1	page-0031	bahan
1	page-0029	bahan
1	page-0023	bahan
1	page-0021	bahan
1	page-0019	bahan
1	page-0017	bahan
1	page-0011	bahan
1	page-0002	bahan
