recipe_block_id	page_id	canonical_txt_path	canonical_txt_exists
RB-0001	page-0186	step3_canonical/page-0186.txt	YES
RB-0001	page-0187	step3_canonical/page-0187.txt	YES
RB-0002	page-0189	step3_canonical/page-0189.txt	YES
RB-0002	page-0190	step3_canonical/page-0190.txt	YES
RB-0002	page-0191	step3_canonical/page-0191.txt	YES
RB-0003	page-0193	step3_canonical/page-0193.txt	YES
RB-0003	page-0194	step3_canonical/page-0194.txt	YES
RB-0003	page-0195	step3_canonical/page-0195.txt	YES
RB-0003	page-0196	step3_canonical/page-0196.txt	YES
RB-0003	page-0197	step3_canonical/page-0197.txt	YES
RB-0003	page-0198	step3_canonical/page-0198.txt	YES
RB-0003	page-0199	step3_canonical/page-0199.txt	YES
RB-0003	page-0200	step3_canonical/page-0200.txt	YES
RB-0003	page-0201	step3_canonical/page-0201.txt	YES
RB-0003	page-0202	step3_canonical/page-0202.txt	YES
RB-0003	page-0203	step3_canonical/page-0203.txt	YES
RB-0003	page-0204	step3_canonical/page-0204.txt	YES
RB-0003	page-0205	step3_canonical/page-0205.txt	YES
RB-0003	page-0206	step3_canonical/page-0206.txt	YES
RB-0003	page-0207	step3_canonical/page-0207.txt	YES
RB-0003	page-0208	step3_canonical/page-0208.txt	YES
RB-0003	page-0209	step3_canonical/page-0209.txt	YES
RB-0003	page-0210	step3_canonical/page-0210.txt	YES
RB-0003	page-0211	step3_canonical/page-0211.txt	YES
RB-0004	page-0214	step3_canonical/page-0214.txt	YES
RB-0004	page-0215	step3_canonical/page-0215.txt	YES
RB-0004	page-0216	step3_canonical/page-0216.txt	YES
RB-0004	page-0217	step3_canonical/page-0217.txt	YES
RB-0004	page-0218	step3_canonical/page-0218.txt	YES
RB-0004	page-0219	step3_canonical/page-0219.txt	YES
RB-0004	page-0220	step3_canonical/page-0220.txt	YES
RB-0004	page-0221	step3_canonical/page-0221.txt	YES
RB-0004	page-0222	step3_canonical/page-0222.txt	YES
RB-0004	page-0223	step3_canonical/page-0223.txt	YES
RB-0004	page-0224	step3_canonical/page-0224.txt	YES
RB-0004	page-0225	step3_canonical/page-0225.txt	YES
RB-0004	page-0226	step3_canonical/page-0226.txt	YES
RB-0004	page-0227	step3_canonical/page-0227.txt	YES
RB-0004	page-0228	step3_canonical/page-0228.txt	YES
RB-0004	page-0229	step3_canonical/page-0229.txt	YES
RB-0004	page-0230	step3_canonical/page-0230.txt	YES
RB-0004	page-0231	step3_canonical/page-0231.txt	YES
RB-0004	page-0232	step3_canonical/page-0232.txt	YES
RB-0004	page-0233	step3_canonical/page-0233.txt	YES
RB-0004	page-0234	step3_canonical/page-0234.txt	YES
RB-0004	page-0235	step3_canonical/page-0235.txt	YES
RB-0004	page-0236	step3_canonical/page-0236.txt	YES
RB-0004	page-0237	step3_canonical/page-0237.txt	YES
RB-0004	page-0238	step3_canonical/page-0238.txt	YES
RB-0004	page-0239	step3_canonical/page-0239.txt	YES
RB-0004	page-0240	step3_canonical/page-0240.txt	YES
RB-0004	page-0241	step3_canonical/page-0241.txt	YES
RB-0004	page-0242	step3_canonical/page-0242.txt	YES
RB-0004	page-0243	step3_canonical/page-0243.txt	YES
RB-0005	page-0245	step3_canonical/page-0245.txt	YES
RB-0005	page-0246	step3_canonical/page-0246.txt	YES
RB-0005	page-0247	step3_canonical/page-0247.txt	YES
RB-0005	page-0248	step3_canonical/page-0248.txt	YES
RB-0005	page-0249	step3_canonical/page-0249.txt	YES
RB-0005	page-0250	step3_canonical/page-0250.txt	YES
RB-0005	page-0251	step3_canonical/page-0251.txt	YES
RB-0005	page-0252	step3_canonical/page-0252.txt	YES
RB-0005	page-0253	step3_canonical/page-0253.txt	YES
RB-0005	page-0254	step3_canonical/page-0254.txt	YES
RB-0005	page-0255	step3_canonical/page-0255.txt	YES
RB-0005	page-0256	step3_canonical/page-0256.txt	YES
RB-0005	page-0257	step3_canonical/page-0257.txt	YES
RB-0005	page-0258	step3_canonical/page-0258.txt	YES
RB-0005	page-0259	step3_canonical/page-0259.txt	YES
RB-0005	page-0260	step3_canonical/page-0260.txt	YES
RB-0005	page-0261	step3_canonical/page-0261.txt	YES
RB-0005	page-0262	step3_canonical/page-0262.txt	YES
RB-0005	page-0263	step3_canonical/page-0263.txt	YES
RB-0005	page-0264	step3_canonical/page-0264.txt	YES
RB-0005	page-0265	step3_canonical/page-0265.txt	YES
RB-0005	page-0266	step3_canonical/page-0266.txt	YES
RB-0005	page-0267	step3_canonical/page-0267.txt	YES
RB-0005	page-0268	step3_canonical/page-0268.txt	YES
RB-0005	page-0269	step3_canonical/page-0269.txt	YES
RB-0005	page-0270	step3_canonical/page-0270.txt	YES
RB-0005	page-0271	step3_canonical/page-0271.txt	YES
RB-0005	page-0272	step3_canonical/page-0272.txt	YES
RB-0005	page-0273	step3_canonical/page-0273.txt	YES
RB-0005	page-0274	step3_canonical/page-0274.txt	YES
RB-0005	page-0275	step3_canonical/page-0275.txt	YES
RB-0006	page-0277	step3_canonical/page-0277.txt	YES
RB-0006	page-0278	step3_canonical/page-0278.txt	YES
RB-0006	page-0279	step3_canonical/page-0279.txt	YES
RB-0006	page-0280	step3_canonical/page-0280.txt	YES
RB-0006	page-0281	step3_canonical/page-0281.txt	YES
RB-0006	page-0282	step3_canonical/page-0282.txt	YES
RB-0006	page-0283	step3_canonical/page-0283.txt	YES
RB-0006	page-0284	step3_canonical/page-0284.txt	YES
RB-0006	page-0285	step3_canonical/page-0285.txt	YES
RB-0006	page-0286	step3_canonical/page-0286.txt	YES
RB-0006	page-0287	step3_canonical/page-0287.txt	YES
RB-0006	page-0288	step3_canonical/page-0288.txt	YES
RB-0006	page-0289	step3_canonical/page-0289.txt	YES
RB-0006	page-0290	step3_canonical/page-0290.txt	YES
RB-0006	page-0291	step3_canonical/page-0291.txt	YES
RB-0006	page-0292	step3_canonical/page-0292.txt	YES
RB-0006	page-0293	step3_canonical/page-0293.txt	YES
RB-0006	page-0294	step3_canonical/page-0294.txt	YES
RB-0006	page-0295	step3_canonical/page-0295.txt	YES
RB-0006	page-0296	step3_canonical/page-0296.txt	YES
RB-0006	page-0297	step3_canonical/page-0297.txt	YES
RB-0006	page-0298	step3_canonical/page-0298.txt	YES
RB-0006	page-0299	step3_canonical/page-0299.txt	YES
RB-0006	page-0300	step3_canonical/page-0300.txt	YES
RB-0006	page-0301	step3_canonical/page-0301.txt	YES
RB-0006	page-0302	step3_canonical/page-0302.txt	YES
RB-0006	page-0303	step3_canonical/page-0303.txt	YES
RB-0006	page-0304	step3_canonical/page-0304.txt	YES
RB-0006	page-0305	step3_canonical/page-0305.txt	YES
RB-0006	page-0306	step3_canonical/page-0306.txt	YES
RB-0006	page-0307	step3_canonical/page-0307.txt	YES
RB-0006	page-0308	step3_canonical/page-0308.txt	YES
RB-0006	page-0309	step3_canonical/page-0309.txt	YES
RB-0006	page-0310	step3_canonical/page-0310.txt	YES
RB-0006	page-0311	step3_canonical/page-0311.txt	YES
RB-0006	page-0312	step3_canonical/page-0312.txt	YES
RB-0006	page-0313	step3_canonical/page-0313.txt	YES
RB-0006	page-0314	step3_canonical/page-0314.txt	YES
RB-0006	page-0315	step3_canonical/page-0315.txt	YES
RB-0006	page-0316	step3_canonical/page-0316.txt	YES
RB-0006	page-0317	step3_canonical/page-0317.txt	YES
RB-0006	page-0318	step3_canonical/page-0318.txt	YES
RB-0006	page-0319	step3_canonical/page-0319.txt	YES
RB-0006	page-0320	step3_canonical/page-0320.txt	YES
RB-0006	page-0321	step3_canonical/page-0321.txt	YES
RB-0006	page-0322	step3_canonical/page-0322.txt	YES
RB-0006	page-0323	step3_canonical/page-0323.txt	YES
RB-0006	page-0324	step3_canonical/page-0324.txt	YES
RB-0006	page-0325	step3_canonical/page-0325.txt	YES
RB-0006	page-0326	step3_canonical/page-0326.txt	YES
RB-0006	page-0327	step3_canonical/page-0327.txt	YES
RB-0006	page-0328	step3_canonical/page-0328.txt	YES
RB-0006	page-0329	step3_canonical/page-0329.txt	YES
RB-0006	page-0330	step3_canonical/page-0330.txt	YES
RB-0006	page-0331	step3_canonical/page-0331.txt	YES
RB-0006	page-0332	step3_canonical/page-0332.txt	YES
RB-0006	page-0333	step3_canonical/page-0333.txt	YES
RB-0007	page-0335	step3_canonical/page-0335.txt	YES
RB-0007	page-0336	step3_canonical/page-0336.txt	YES
RB-0008	page-0338	step3_canonical/page-0338.txt	YES
RB-0008	page-0339	step3_canonical/page-0339.txt	YES
RB-0008	page-0340	step3_canonical/page-0340.txt	YES
RB-0008	page-0341	step3_canonical/page-0341.txt	YES
RB-0008	page-0342	step3_canonical/page-0342.txt	YES
RB-0008	page-0343	step3_canonical/page-0343.txt	YES
RB-0008	page-0344	step3_canonical/page-0344.txt	YES
RB-0008	page-0345	step3_canonical/page-0345.txt	YES
RB-0008	page-0346	step3_canonical/page-0346.txt	YES
RB-0008	page-0347	step3_canonical/page-0347.txt	YES
RB-0008	page-0348	step3_canonical/page-0348.txt	YES
RB-0008	page-0349	step3_canonical/page-0349.txt	YES
RB-0008	page-0350	step3_canonical/page-0350.txt	YES
RB-0008	page-0351	step3_canonical/page-0351.txt	YES
RB-0008	page-0352	step3_canonical/page-0352.txt	YES
RB-0008	page-0353	step3_canonical/page-0353.txt	YES
RB-0008	page-0354	step3_canonical/page-0354.txt	YES
RB-0008	page-0355	step3_canonical/page-0355.txt	YES
RB-0008	page-0356	step3_canonical/page-0356.txt	YES
RB-0008	page-0357	step3_canonical/page-0357.txt	YES
RB-0008	page-0358	step3_canonical/page-0358.txt	YES
RB-0008	page-0359	step3_canonical/page-0359.txt	YES
RB-0008	page-0360	step3_canonical/page-0360.txt	YES
RB-0008	page-0361	step3_canonical/page-0361.txt	YES
RB-0008	page-0362	step3_canonical/page-0362.txt	YES
RB-0008	page-0363	step3_canonical/page-0363.txt	YES
RB-0008	page-0364	step3_canonical/page-0364.txt	YES
RB-0008	page-0365	step3_canonical/page-0365.txt	YES
RB-0009	page-0369	step3_canonical/page-0369.txt	YES
RB-0009	page-0370	step3_canonical/page-0370.txt	YES
RB-0009	page-0371	step3_canonical/page-0371.txt	YES
RB-0009	page-0372	step3_canonical/page-0372.txt	YES
RB-0009	page-0373	step3_canonical/page-0373.txt	YES
RB-0009	page-0374	step3_canonical/page-0374.txt	YES
RB-0009	page-0375	step3_canonical/page-0375.txt	YES
RB-0009	page-0376	step3_canonical/page-0376.txt	YES
RB-0009	page-0377	step3_canonical/page-0377.txt	YES
RB-0009	page-0378	step3_canonical/page-0378.txt	YES
RB-0009	page-0379	step3_canonical/page-0379.txt	YES
RB-0009	page-0380	step3_canonical/page-0380.txt	YES
RB-0009	page-0381	step3_canonical/page-0381.txt	YES
RB-0009	page-0382	step3_canonical/page-0382.txt	YES
RB-0009	page-0383	step3_canonical/page-0383.txt	YES
RB-0009	page-0384	step3_canonical/page-0384.txt	YES
RB-0009	page-0385	step3_canonical/page-0385.txt	YES
RB-0009	page-0386	step3_canonical/page-0386.txt	YES
RB-0009	page-0387	step3_canonical/page-0387.txt	YES
RB-0009	page-0388	step3_canonical/page-0388.txt	YES
RB-0009	page-0389	step3_canonical/page-0389.txt	YES
RB-0009	page-0390	step3_canonical/page-0390.txt	YES
RB-0009	page-0391	step3_canonical/page-0391.txt	YES
RB-0009	page-0392	step3_canonical/page-0392.txt	YES
RB-0009	page-0393	step3_canonical/page-0393.txt	YES
RB-0009	page-0394	step3_canonical/page-0394.txt	YES
RB-0009	page-0395	step3_canonical/page-0395.txt	YES
RB-0009	page-0396	step3_canonical/page-0396.txt	YES
RB-0009	page-0397	step3_canonical/page-0397.txt	YES
RB-0009	page-0398	step3_canonical/page-0398.txt	YES
RB-0009	page-0399	step3_canonical/page-0399.txt	YES
RB-0009	page-0400	step3_canonical/page-0400.txt	YES
RB-0009	page-0401	step3_canonical/page-0401.txt	YES
RB-0010	page-0403	step3_canonical/page-0403.txt	YES
RB-0010	page-0404	step3_canonical/page-0404.txt	YES
RB-0010	page-0405	step3_canonical/page-0405.txt	YES
RB-0010	page-0406	step3_canonical/page-0406.txt	YES
RB-0010	page-0407	step3_canonical/page-0407.txt	YES
RB-0010	page-0408	step3_canonical/page-0408.txt	YES
RB-0010	page-0409	step3_canonical/page-0409.txt	YES
RB-0010	page-0410	step3_canonical/page-0410.txt	YES
RB-0010	page-0411	step3_canonical/page-0411.txt	YES
RB-0010	page-0412	step3_canonical/page-0412.txt	YES
RB-0010	page-0413	step3_canonical/page-0413.txt	YES
RB-0010	page-0414	step3_canonical/page-0414.txt	YES
RB-0010	page-0415	step3_canonical/page-0415.txt	YES
RB-0010	page-0416	step3_canonical/page-0416.txt	YES
RB-0010	page-0417	step3_canonical/page-0417.txt	YES
RB-0010	page-0418	step3_canonical/page-0418.txt	YES
RB-0010	page-0419	step3_canonical/page-0419.txt	YES
RB-0010	page-0420	step3_canonical/page-0420.txt	YES
RB-0010	page-0421	step3_canonical/page-0421.txt	YES
RB-0010	page-0422	step3_canonical/page-0422.txt	YES
RB-0010	page-0423	step3_canonical/page-0423.txt	YES
RB-0010	page-0424	step3_canonical/page-0424.txt	YES
RB-0010	page-0425	step3_canonical/page-0425.txt	YES
RB-0010	page-0426	step3_canonical/page-0426.txt	YES
RB-0010	page-0427	step3_canonical/page-0427.txt	YES
RB-0010	page-0428	step3_canonical/page-0428.txt	YES
RB-0010	page-0429	step3_canonical/page-0429.txt	YES
RB-0010	page-0430	step3_canonical/page-0430.txt	YES
RB-0010	page-0431	step3_canonical/page-0431.txt	YES
RB-0010	page-0432	step3_canonical/page-0432.txt	YES
RB-0010	page-0433	step3_canonical/page-0433.txt	YES
RB-0010	page-0434	step3_canonical/page-0434.txt	YES
RB-0010	page-0435	step3_canonical/page-0435.txt	YES
RB-0010	page-0436	step3_canonical/page-0436.txt	YES
RB-0010	page-0437	step3_canonical/page-0437.txt	YES
RB-0010	page-0438	step3_canonical/page-0438.txt	YES
RB-0010	page-0439	step3_canonical/page-0439.txt	YES
RB-0010	page-0440	step3_canonical/page-0440.txt	YES
RB-0010	page-0441	step3_canonical/page-0441.txt	YES
RB-0010	page-0442	step3_canonical/page-0442.txt	YES
RB-0010	page-0443	step3_canonical/page-0443.txt	YES
RB-0010	page-0444	step3_canonical/page-0444.txt	YES
RB-0010	page-0445	step3_canonical/page-0445.txt	YES
RB-0010	page-0446	step3_canonical/page-0446.txt	YES
RB-0010	page-0447	step3_canonical/page-0447.txt	YES
RB-0010	page-0448	step3_canonical/page-0448.txt	YES
RB-0010	page-0449	step3_canonical/page-0449.txt	YES
RB-0010	page-0450	step3_canonical/page-0450.txt	YES
RB-0010	page-0451	step3_canonical/page-0451.txt	YES
RB-0010	page-0452	step3_canonical/page-0452.txt	YES
RB-0010	page-0453	step3_canonical/page-0453.txt	YES
RB-0010	page-0454	step3_canonical/page-0454.txt	YES
RB-0010	page-0455	step3_canonical/page-0455.txt	YES
RB-0010	page-0456	step3_canonical/page-0456.txt	YES
RB-0010	page-0457	step3_canonical/page-0457.txt	YES
RB-0010	page-0458	step3_canonical/page-0458.txt	YES
RB-0010	page-0459	step3_canonical/page-0459.txt	YES
RB-0010	page-0460	step3_canonical/page-0460.txt	YES
RB-0010	page-0461	step3_canonical/page-0461.txt	YES
RB-0010	page-0462	step3_canonical/page-0462.txt	YES
RB-0010	page-0463	step3_canonical/page-0463.txt	YES
RB-0010	page-0464	step3_canonical/page-0464.txt	YES
RB-0010	page-0465	step3_canonical/page-0465.txt	YES
RB-0010	page-0466	step3_canonical/page-0466.txt	YES
RB-0010	page-0467	step3_canonical/page-0467.txt	YES
RB-0010	page-0468	step3_canonical/page-0468.txt	YES
RB-0010	page-0469	step3_canonical/page-0469.txt	YES
RB-0010	page-0470	step3_canonical/page-0470.txt	YES
RB-0010	page-0471	step3_canonical/page-0471.txt	YES
RB-0010	page-0472	step3_canonical/page-0472.txt	YES
RB-0010	page-0473	step3_canonical/page-0473.txt	YES
RB-0011	page-0475	step3_canonical/page-0475.txt	YES
RB-0011	page-0476	step3_canonical/page-0476.txt	YES
RB-0011	page-0477	step3_canonical/page-0477.txt	YES
RB-0011	page-0478	step3_canonical/page-0478.txt	YES
RB-0011	page-0479	step3_canonical/page-0479.txt	YES
RB-0011	page-0480	step3_canonical/page-0480.txt	YES
RB-0011	page-0481	step3_canonical/page-0481.txt	YES
RB-0011	page-0482	step3_canonical/page-0482.txt	YES
RB-0011	page-0483	step3_canonical/page-0483.txt	YES
RB-0011	page-0484	step3_canonical/page-0484.txt	YES
RB-0011	page-0485	step3_canonical/page-0485.txt	YES
RB-0011	page-0486	step3_canonical/page-0486.txt	YES
RB-0011	page-0487	step3_canonical/page-0487.txt	YES
RB-0011	page-0488	step3_canonical/page-0488.txt	YES
RB-0011	page-0489	step3_canonical/page-0489.txt	YES
RB-0011	page-0490	step3_canonical/page-0490.txt	YES
RB-0011	page-0491	step3_canonical/page-0491.txt	YES
RB-0011	page-0492	step3_canonical/page-0492.txt	YES
RB-0011	page-0493	step3_canonical/page-0493.txt	YES
RB-0011	page-0494	step3_canonical/page-0494.txt	YES
RB-0011	page-0495	step3_canonical/page-0495.txt	YES
RB-0011	page-0496	step3_canonical/page-0496.txt	YES
RB-0011	page-0497	step3_canonical/page-0497.txt	YES
RB-0011	page-0498	step3_canonical/page-0498.txt	YES
RB-0011	page-0499	step3_canonical/page-0499.txt	YES
RB-0011	page-0500	step3_canonical/page-0500.txt	YES
RB-0011	page-0501	step3_canonical/page-0501.txt	YES
RB-0011	page-0502	step3_canonical/page-0502.txt	YES
RB-0011	page-0503	step3_canonical/page-0503.txt	YES
RB-0011	page-0504	step3_canonical/page-0504.txt	YES
RB-0011	page-0505	step3_canonical/page-0505.txt	YES
RB-0011	page-0506	step3_canonical/page-0506.txt	YES
RB-0011	page-0507	step3_canonical/page-0507.txt	YES
RB-0011	page-0508	step3_canonical/page-0508.txt	YES
RB-0011	page-0509	step3_canonical/page-0509.txt	YES
RB-0011	page-0510	step3_canonical/page-0510.txt	YES
RB-0011	page-0511	step3_canonical/page-0511.txt	YES
RB-0011	page-0512	step3_canonical/page-0512.txt	YES
RB-0011	page-0513	step3_canonical/page-0513.txt	YES
RB-0011	page-0514	step3_canonical/page-0514.txt	YES
RB-0011	page-0515	step3_canonical/page-0515.txt	YES
RB-0011	page-0516	step3_canonical/page-0516.txt	YES
RB-0011	page-0517	step3_canonical/page-0517.txt	YES
RB-0011	page-0518	step3_canonical/page-0518.txt	YES
RB-0011	page-0519	step3_canonical/page-0519.txt	YES
RB-0011	page-0520	step3_canonical/page-0520.txt	YES
RB-0011	page-0521	step3_canonical/page-0521.txt	YES
RB-0011	page-0522	step3_canonical/page-0522.txt	YES
RB-0011	page-0523	step3_canonical/page-0523.txt	YES
RB-0011	page-0524	step3_canonical/page-0524.txt	YES
RB-0011	page-0525	step3_canonical/page-0525.txt	YES
RB-0011	page-0526	step3_canonical/page-0526.txt	YES
RB-0011	page-0527	step3_canonical/page-0527.txt	YES
RB-0011	page-0528	step3_canonical/page-0528.txt	YES
RB-0011	page-0529	step3_canonical/page-0529.txt	YES
RB-0011	page-0530	step3_canonical/page-0530.txt	YES
RB-0011	page-0531	step3_canonical/page-0531.txt	YES
RB-0011	page-0532	step3_canonical/page-0532.txt	YES
RB-0011	page-0533	step3_canonical/page-0533.txt	YES
RB-0011	page-0534	step3_canonical/page-0534.txt	YES
RB-0011	page-0535	step3_canonical/page-0535.txt	YES
RB-0011	page-0536	step3_canonical/page-0536.txt	YES
RB-0011	page-0537	step3_canonical/page-0537.txt	YES
RB-0011	page-0538	step3_canonical/page-0538.txt	YES
RB-0011	page-0539	step3_canonical/page-0539.txt	YES
RB-0011	page-0540	step3_canonical/page-0540.txt	YES
RB-0011	page-0541	step3_canonical/page-0541.txt	YES
RB-0011	page-0542	step3_canonical/page-0542.txt	YES
RB-0011	page-0543	step3_canonical/page-0543.txt	YES
RB-0011	page-0544	step3_canonical/page-0544.txt	YES
RB-0011	page-0545	step3_canonical/page-0545.txt	YES
RB-0011	page-0546	step3_canonical/page-0546.txt	YES
RB-0011	page-0547	step3_canonical/page-0547.txt	YES
RB-0011	page-0548	step3_canonical/page-0548.txt	YES
RB-0011	page-0549	step3_canonical/page-0549.txt	YES
RB-0011	page-0550	step3_canonical/page-0550.txt	YES
RB-0011	page-0551	step3_canonical/page-0551.txt	YES
RB-0011	page-0552	step3_canonical/page-0552.txt	YES
RB-0011	page-0553	step3_canonical/page-0553.txt	YES
RB-0011	page-0554	step3_canonical/page-0554.txt	YES
RB-0011	page-0555	step3_canonical/page-0555.txt	YES
RB-0011	page-0556	step3_canonical/page-0556.txt	YES
RB-0011	page-0557	step3_canonical/page-0557.txt	YES
RB-0011	page-0558	step3_canonical/page-0558.txt	YES
RB-0011	page-0559	step3_canonical/page-0559.txt	YES
RB-0011	page-0560	step3_canonical/page-0560.txt	YES
RB-0011	page-0561	step3_canonical/page-0561.txt	YES
RB-0011	page-0562	step3_canonical/page-0562.txt	YES
RB-0011	page-0563	step3_canonical/page-0563.txt	YES
RB-0011	page-0564	step3_canonical/page-0564.txt	YES
RB-0011	page-0565	step3_canonical/page-0565.txt	YES
RB-0011	page-0566	step3_canonical/page-0566.txt	YES
RB-0011	page-0567	step3_canonical/page-0567.txt	YES
RB-0011	page-0568	step3_canonical/page-0568.txt	YES
RB-0011	page-0569	step3_canonical/page-0569.txt	YES
RB-0011	page-0570	step3_canonical/page-0570.txt	YES
RB-0011	page-0571	step3_canonical/page-0571.txt	YES
RB-0011	page-0572	step3_canonical/page-0572.txt	YES
RB-0011	page-0573	step3_canonical/page-0573.txt	YES
RB-0011	page-0574	step3_canonical/page-0574.txt	YES
RB-0011	page-0575	step3_canonical/page-0575.txt	YES
RB-0011	page-0576	step3_canonical/page-0576.txt	YES
RB-0011	page-0577	step3_canonical/page-0577.txt	YES
RB-0011	page-0578	step3_canonical/page-0578.txt	YES
RB-0011	page-0579	step3_canonical/page-0579.txt	YES
RB-0011	page-0580	step3_canonical/page-0580.txt	YES
RB-0011	page-0581	step3_canonical/page-0581.txt	YES
RB-0011	page-0582	step3_canonical/page-0582.txt	YES
RB-0011	page-0583	step3_canonical/page-0583.txt	YES
RB-0011	page-0584	step3_canonical/page-0584.txt	YES
RB-0011	page-0585	step3_canonical/page-0585.txt	YES
RB-0011	page-0586	step3_canonical/page-0586.txt	YES
RB-0011	page-0587	step3_canonical/page-0587.txt	YES
RB-0011	page-0588	step3_canonical/page-0588.txt	YES
RB-0011	page-0589	step3_canonical/page-0589.txt	YES
RB-0011	page-0590	step3_canonical/page-0590.txt	YES
RB-0011	page-0591	step3_canonical/page-0591.txt	YES
RB-0011	page-0592	step3_canonical/page-0592.txt	YES
RB-0011	page-0593	step3_canonical/page-0593.txt	YES
RB-0011	page-0594	step3_canonical/page-0594.txt	YES
RB-0011	page-0595	step3_canonical/page-0595.txt	YES
RB-0011	page-0596	step3_canonical/page-0596.txt	YES
RB-0011	page-0597	step3_canonical/page-0597.txt	YES
RB-0011	page-0598	step3_canonical/page-0598.txt	YES
RB-0011	page-0599	step3_canonical/page-0599.txt	YES
RB-0011	page-0600	step3_canonical/page-0600.txt	YES
RB-0011	page-0601	step3_canonical/page-0601.txt	YES
RB-0011	page-0602	step3_canonical/page-0602.txt	YES
RB-0011	page-0603	step3_canonical/page-0603.txt	YES
RB-0011	page-0604	step3_canonical/page-0604.txt	YES
RB-0011	page-0605	step3_canonical/page-0605.txt	YES
RB-0011	page-0606	step3_canonical/page-0606.txt	YES
RB-0011	page-0607	step3_canonical/page-0607.txt	YES
RB-0011	page-0608	step3_canonical/page-0608.txt	YES
RB-0011	page-0609	step3_canonical/page-0609.txt	YES
RB-0011	page-0610	step3_canonical/page-0610.txt	YES
RB-0011	page-0611	step3_canonical/page-0611.txt	YES
RB-0011	page-0612	step3_canonical/page-0612.txt	YES
RB-0011	page-0613	step3_canonical/page-0613.txt	YES
RB-0011	page-0614	step3_canonical/page-0614.txt	YES
RB-0012	page-0616	step3_canonical/page-0616.txt	YES
RB-0012	page-0617	step3_canonical/page-0617.txt	YES
RB-0012	page-0618	step3_canonical/page-0618.txt	YES
RB-0012	page-0619	step3_canonical/page-0619.txt	YES
RB-0012	page-0620	step3_canonical/page-0620.txt	YES
RB-0012	page-0621	step3_canonical/page-0621.txt	YES
RB-0012	page-0622	step3_canonical/page-0622.txt	YES
RB-0012	page-0623	step3_canonical/page-0623.txt	YES
RB-0012	page-0624	step3_canonical/page-0624.txt	YES
RB-0012	page-0625	step3_canonical/page-0625.txt	YES
RB-0012	page-0626	step3_canonical/page-0626.txt	YES
RB-0012	page-0627	step3_canonical/page-0627.txt	YES
RB-0012	page-0628	step3_canonical/page-0628.txt	YES
RB-0012	page-0629	step3_canonical/page-0629.txt	YES
RB-0012	page-0630	step3_canonical/page-0630.txt	YES
RB-0012	page-0631	step3_canonical/page-0631.txt	YES
RB-0012	page-0632	step3_canonical/page-0632.txt	YES
RB-0012	page-0633	step3_canonical/page-0633.txt	YES
RB-0012	page-0634	step3_canonical/page-0634.txt	YES
RB-0012	page-0635	step3_canonical/page-0635.txt	YES
RB-0012	page-0636	step3_canonical/page-0636.txt	YES
RB-0012	page-0637	step3_canonical/page-0637.txt	YES
RB-0012	page-0638	step3_canonical/page-0638.txt	YES
RB-0012	page-0639	step3_canonical/page-0639.txt	YES
RB-0012	page-0640	step3_canonical/page-0640.txt	YES
RB-0012	page-0641	step3_canonical/page-0641.txt	YES
RB-0012	page-0642	step3_canonical/page-0642.txt	YES
RB-0013	page-0645	step3_canonical/page-0645.txt	YES
RB-0013	page-0646	step3_canonical/page-0646.txt	YES
RB-0013	page-0647	step3_canonical/page-0647.txt	YES
RB-0013	page-0648	step3_canonical/page-0648.txt	YES
RB-0013	page-0649	step3_canonical/page-0649.txt	YES
RB-0013	page-0650	step3_canonical/page-0650.txt	YES
RB-0013	page-0651	step3_canonical/page-0651.txt	YES
RB-0013	page-0652	step3_canonical/page-0652.txt	YES
RB-0013	page-0653	step3_canonical/page-0653.txt	YES
RB-0013	page-0654	step3_canonical/page-0654.txt	YES
RB-0013	page-0655	step3_canonical/page-0655.txt	YES
RB-0013	page-0656	step3_canonical/page-0656.txt	YES
RB-0013	page-0657	step3_canonical/page-0657.txt	YES
RB-0013	page-0658	step3_canonical/page-0658.txt	YES
RB-0013	page-0659	step3_canonical/page-0659.txt	YES
RB-0013	page-0660	step3_canonical/page-0660.txt	YES
RB-0013	page-0661	step3_canonical/page-0661.txt	YES
RB-0013	page-0662	step3_canonical/page-0662.txt	YES
RB-0013	page-0663	step3_canonical/page-0663.txt	YES
RB-0013	page-0664	step3_canonical/page-0664.txt	YES
RB-0013	page-0665	step3_canonical/page-0665.txt	YES
RB-0013	page-0666	step3_canonical/page-0666.txt	YES
RB-0013	page-0667	step3_canonical/page-0667.txt	YES
RB-0013	page-0668	step3_canonical/page-0668.txt	YES
RB-0013	page-0669	step3_canonical/page-0669.txt	YES
RB-0013	page-0670	step3_canonical/page-0670.txt	YES
RB-0013	page-0671	step3_canonical/page-0671.txt	YES
RB-0013	page-0672	step3_canonical/page-0672.txt	YES
RB-0013	page-0673	step3_canonical/page-0673.txt	YES
RB-0013	page-0674	step3_canonical/page-0674.txt	YES
RB-0013	page-0675	step3_canonical/page-0675.txt	YES
RB-0013	page-0676	step3_canonical/page-0676.txt	YES
RB-0013	page-0677	step3_canonical/page-0677.txt	YES
RB-0013	page-0678	step3_canonical/page-0678.txt	YES
RB-0013	page-0679	step3_canonical/page-0679.txt	YES
RB-0013	page-0680	step3_canonical/page-0680.txt	YES
RB-0013	page-0681	step3_canonical/page-0681.txt	YES
RB-0013	page-0682	step3_canonical/page-0682.txt	YES
RB-0013	page-0683	step3_canonical/page-0683.txt	YES
RB-0013	page-0684	step3_canonical/page-0684.txt	YES
RB-0013	page-0685	step3_canonical/page-0685.txt	YES
RB-0013	page-0686	step3_canonical/page-0686.txt	YES
RB-0013	page-0687	step3_canonical/page-0687.txt	YES
RB-0013	page-0688	step3_canonical/page-0688.txt	YES
RB-0013	page-0689	step3_canonical/page-0689.txt	YES
RB-0013	page-0690	step3_canonical/page-0690.txt	YES
RB-0013	page-0691	step3_canonical/page-0691.txt	YES
RB-0013	page-0692	step3_canonical/page-0692.txt	YES
RB-0013	page-0693	step3_canonical/page-0693.txt	YES
RB-0013	page-0694	step3_canonical/page-0694.txt	YES
RB-0013	page-0695	step3_canonical/page-0695.txt	YES
RB-0013	page-0696	step3_canonical/page-0696.txt	YES
RB-0013	page-0697	step3_canonical/page-0697.txt	YES
RB-0013	page-0698	step3_canonical/page-0698.txt	YES
RB-0014	page-0700	step3_canonical/page-0700.txt	YES
RB-0014	page-0701	step3_canonical/page-0701.txt	YES
RB-0014	page-0702	step3_canonical/page-0702.txt	YES
RB-0014	page-0703	step3_canonical/page-0703.txt	YES
RB-0014	page-0704	step3_canonical/page-0704.txt	YES
RB-0014	page-0705	step3_canonical/page-0705.txt	YES
RB-0014	page-0706	step3_canonical/page-0706.txt	YES
RB-0014	page-0707	step3_canonical/page-0707.txt	YES
RB-0014	page-0708	step3_canonical/page-0708.txt	YES
RB-0014	page-0709	step3_canonical/page-0709.txt	YES
RB-0014	page-0710	step3_canonical/page-0710.txt	YES
RB-0014	page-0711	step3_canonical/page-0711.txt	YES
RB-0014	page-0712	step3_canonical/page-0712.txt	YES
RB-0014	page-0713	step3_canonical/page-0713.txt	YES
RB-0014	page-0714	step3_canonical/page-0714.txt	YES
RB-0014	page-0715	step3_canonical/page-0715.txt	YES
RB-0014	page-0716	step3_canonical/page-0716.txt	YES
RB-0015	page-0721	step3_canonical/page-0721.txt	YES
RB-0015	page-0722	step3_canonical/page-0722.txt	YES
RB-0015	page-0723	step3_canonical/page-0723.txt	YES
RB-0015	page-0724	step3_canonical/page-0724.txt	YES
RB-0015	page-0725	step3_canonical/page-0725.txt	YES
RB-0015	page-0726	step3_canonical/page-0726.txt	YES
RB-0015	page-0727	step3_canonical/page-0727.txt	YES
RB-0015	page-0728	step3_canonical/page-0728.txt	YES
RB-0015	page-0729	step3_canonical/page-0729.txt	YES
RB-0015	page-0730	step3_canonical/page-0730.txt	YES
RB-0015	page-0731	step3_canonical/page-0731.txt	YES
RB-0015	page-0732	step3_canonical/page-0732.txt	YES
RB-0015	page-0733	step3_canonical/page-0733.txt	YES
RB-0015	page-0734	step3_canonical/page-0734.txt	YES
RB-0015	page-0735	step3_canonical/page-0735.txt	YES
RB-0015	page-0736	step3_canonical/page-0736.txt	YES
RB-0015	page-0737	step3_canonical/page-0737.txt	YES
RB-0015	page-0738	step3_canonical/page-0738.txt	YES
RB-0015	page-0739	step3_canonical/page-0739.txt	YES
RB-0015	page-0740	step3_canonical/page-0740.txt	YES
RB-0015	page-0741	step3_canonical/page-0741.txt	YES
RB-0015	page-0742	step3_canonical/page-0742.txt	YES
RB-0015	page-0743	step3_canonical/page-0743.txt	YES
RB-0015	page-0744	step3_canonical/page-0744.txt	YES
RB-0015	page-0745	step3_canonical/page-0745.txt	YES
RB-0015	page-0746	step3_canonical/page-0746.txt	YES
RB-0015	page-0747	step3_canonical/page-0747.txt	YES
RB-0015	page-0748	step3_canonical/page-0748.txt	YES
RB-0016	page-0751	step3_canonical/page-0751.txt	YES
RB-0016	page-0752	step3_canonical/page-0752.txt	YES
RB-0016	page-0753	step3_canonical/page-0753.txt	YES
RB-0016	page-0754	step3_canonical/page-0754.txt	YES
RB-0016	page-0755	step3_canonical/page-0755.txt	YES
RB-0016	page-0756	step3_canonical/page-0756.txt	YES
RB-0016	page-0757	step3_canonical/page-0757.txt	YES
RB-0016	page-0758	step3_canonical/page-0758.txt	YES
RB-0016	page-0759	step3_canonical/page-0759.txt	YES
RB-0016	page-0760	step3_canonical/page-0760.txt	YES
RB-0016	page-0761	step3_canonical/page-0761.txt	YES
RB-0016	page-0762	step3_canonical/page-0762.txt	YES
RB-0016	page-0763	step3_canonical/page-0763.txt	YES
RB-0017	page-0765	step3_canonical/page-0765.txt	YES
RB-0017	page-0766	step3_canonical/page-0766.txt	YES
RB-0017	page-0767	step3_canonical/page-0767.txt	YES
RB-0017	page-0768	step3_canonical/page-0768.txt	YES
RB-0017	page-0769	step3_canonical/page-0769.txt	YES
RB-0017	page-0770	step3_canonical/page-0770.txt	YES
RB-0017	page-0771	step3_canonical/page-0771.txt	YES
RB-0017	page-0772	step3_canonical/page-0772.txt	YES
RB-0017	page-0773	step3_canonical/page-0773.txt	YES
RB-0017	page-0774	step3_canonical/page-0774.txt	YES
RB-0017	page-0775	step3_canonical/page-0775.txt	YES
RB-0017	page-0776	step3_canonical/page-0776.txt	YES
RB-0017	page-0777	step3_canonical/page-0777.txt	YES
RB-0017	page-0778	step3_canonical/page-0778.txt	YES
RB-0017	page-0779	step3_canonical/page-0779.txt	YES
RB-0017	page-0780	step3_canonical/page-0780.txt	YES
RB-0017	page-0781	step3_canonical/page-0781.txt	YES
RB-0017	page-0782	step3_canonical/page-0782.txt	YES
RB-0017	page-0783	step3_canonical/page-0783.txt	YES
RB-0017	page-0784	step3_canonical/page-0784.txt	YES
RB-0017	page-0785	step3_canonical/page-0785.txt	YES
RB-0017	page-0786	step3_canonical/page-0786.txt	YES
RB-0017	page-0787	step3_canonical/page-0787.txt	YES
RB-0017	page-0788	step3_canonical/page-0788.txt	YES
RB-0017	page-0789	step3_canonical/page-0789.txt	YES
RB-0017	page-0790	step3_canonical/page-0790.txt	YES
RB-0017	page-0791	step3_canonical/page-0791.txt	YES
RB-0017	page-0792	step3_canonical/page-0792.txt	YES
RB-0017	page-0793	step3_canonical/page-0793.txt	YES
RB-0017	page-0794	step3_canonical/page-0794.txt	YES
RB-0017	page-0795	step3_canonical/page-0795.txt	YES
RB-0017	page-0796	step3_canonical/page-0796.txt	YES
RB-0017	page-0797	step3_canonical/page-0797.txt	YES
RB-0017	page-0798	step3_canonical/page-0798.txt	YES
RB-0018	page-0801	step3_canonical/page-0801.txt	YES
RB-0018	page-0802	step3_canonical/page-0802.txt	YES
RB-0018	page-0803	step3_canonical/page-0803.txt	YES
RB-0018	page-0804	step3_canonical/page-0804.txt	YES
RB-0018	page-0805	step3_canonical/page-0805.txt	YES
RB-0018	page-0806	step3_canonical/page-0806.txt	YES
RB-0018	page-0807	step3_canonical/page-0807.txt	YES
RB-0018	page-0808	step3_canonical/page-0808.txt	YES
RB-0018	page-0809	step3_canonical/page-0809.txt	YES
RB-0018	page-0810	step3_canonical/page-0810.txt	YES
RB-0018	page-0811	step3_canonical/page-0811.txt	YES
RB-0018	page-0812	step3_canonical/page-0812.txt	YES
RB-0018	page-0813	step3_canonical/page-0813.txt	YES
RB-0018	page-0814	step3_canonical/page-0814.txt	YES
RB-0018	page-0815	step3_canonical/page-0815.txt	YES
RB-0018	page-0816	step3_canonical/page-0816.txt	YES
RB-0018	page-0817	step3_canonical/page-0817.txt	YES
RB-0018	page-0818	step3_canonical/page-0818.txt	YES
RB-0018	page-0819	step3_canonical/page-0819.txt	YES
RB-0018	page-0820	step3_canonical/page-0820.txt	YES
RB-0018	page-0821	step3_canonical/page-0821.txt	YES
RB-0018	page-0822	step3_canonical/page-0822.txt	YES
RB-0018	page-0823	step3_canonical/page-0823.txt	YES
RB-0018	page-0824	step3_canonical/page-0824.txt	YES
RB-0018	page-0825	step3_canonical/page-0825.txt	YES
RB-0018	page-0826	step3_canonical/page-0826.txt	YES
RB-0018	page-0827	step3_canonical/page-0827.txt	YES
RB-0018	page-0828	step3_canonical/page-0828.txt	YES
RB-0018	page-0829	step3_canonical/page-0829.txt	YES
RB-0018	page-0830	step3_canonical/page-0830.txt	YES
RB-0018	page-0831	step3_canonical/page-0831.txt	YES
RB-0018	page-0832	step3_canonical/page-0832.txt	YES
RB-0018	page-0833	step3_canonical/page-0833.txt	YES
RB-0018	page-0834	step3_canonical/page-0834.txt	YES
RB-0018	page-0835	step3_canonical/page-0835.txt	YES
RB-0018	page-0836	step3_canonical/page-0836.txt	YES
RB-0018	page-0837	step3_canonical/page-0837.txt	YES
RB-0018	page-0838	step3_canonical/page-0838.txt	YES
RB-0018	page-0839	step3_canonical/page-0839.txt	YES
RB-0018	page-0840	step3_canonical/page-0840.txt	YES
RB-0018	page-0841	step3_canonical/page-0841.txt	YES
RB-0018	page-0842	step3_canonical/page-0842.txt	YES
RB-0018	page-0843	step3_canonical/page-0843.txt	YES
RB-0018	page-0844	step3_canonical/page-0844.txt	YES
RB-0018	page-0845	step3_canonical/page-0845.txt	YES
RB-0018	page-0846	step3_canonical/page-0846.txt	YES
RB-0018	page-0847	step3_canonical/page-0847.txt	YES
RB-0018	page-0848	step3_canonical/page-0848.txt	YES
RB-0018	page-0849	step3_canonical/page-0849.txt	YES
RB-0018	page-0850	step3_canonical/page-0850.txt	YES
RB-0018	page-0851	step3_canonical/page-0851.txt	YES
RB-0018	page-0852	step3_canonical/page-0852.txt	YES
RB-0018	page-0853	step3_canonical/page-0853.txt	YES
RB-0018	page-0854	step3_canonical/page-0854.txt	YES
RB-0018	page-0855	step3_canonical/page-0855.txt	YES
RB-0018	page-0856	step3_canonical/page-0856.txt	YES
RB-0018	page-0857	step3_canonical/page-0857.txt	YES
RB-0018	page-0858	step3_canonical/page-0858.txt	YES
RB-0018	page-0859	step3_canonical/page-0859.txt	YES
RB-0018	page-0860	step3_canonical/page-0860.txt	YES
RB-0018	page-0861	step3_canonical/page-0861.txt	YES
RB-0018	page-0862	step3_canonical/page-0862.txt	YES
RB-0018	page-0863	step3_canonical/page-0863.txt	YES
RB-0018	page-0864	step3_canonical/page-0864.txt	YES
RB-0018	page-0865	step3_canonical/page-0865.txt	YES
RB-0018	page-0866	step3_canonical/page-0866.txt	YES
RB-0018	page-0867	step3_canonical/page-0867.txt	YES
RB-0018	page-0868	step3_canonical/page-0868.txt	YES
RB-0018	page-0869	step3_canonical/page-0869.txt	YES
RB-0018	page-0870	step3_canonical/page-0870.txt	YES
RB-0018	page-0871	step3_canonical/page-0871.txt	YES
RB-0018	page-0872	step3_canonical/page-0872.txt	YES
RB-0018	page-0873	step3_canonical/page-0873.txt	YES
RB-0018	page-0874	step3_canonical/page-0874.txt	YES
RB-0018	page-0875	step3_canonical/page-0875.txt	YES
RB-0018	page-0876	step3_canonical/page-0876.txt	YES
RB-0018	page-0877	step3_canonical/page-0877.txt	YES
RB-0018	page-0878	step3_canonical/page-0878.txt	YES
RB-0018	page-0879	step3_canonical/page-0879.txt	YES
RB-0018	page-0880	step3_canonical/page-0880.txt	YES
RB-0018	page-0881	step3_canonical/page-0881.txt	YES
RB-0018	page-0882	step3_canonical/page-0882.txt	YES
RB-0018	page-0883	step3_canonical/page-0883.txt	YES
RB-0018	page-0884	step3_canonical/page-0884.txt	YES
RB-0018	page-0885	step3_canonical/page-0885.txt	YES
RB-0018	page-0886	step3_canonical/page-0886.txt	YES
RB-0018	page-0887	step3_canonical/page-0887.txt	YES
RB-0018	page-0888	step3_canonical/page-0888.txt	YES
RB-0018	page-0889	step3_canonical/page-0889.txt	YES
RB-0018	page-0890	step3_canonical/page-0890.txt	YES
RB-0018	page-0891	step3_canonical/page-0891.txt	YES
RB-0018	page-0892	step3_canonical/page-0892.txt	YES
RB-0018	page-0893	step3_canonical/page-0893.txt	YES
RB-0018	page-0894	step3_canonical/page-0894.txt	YES
RB-0018	page-0895	step3_canonical/page-0895.txt	YES
RB-0018	page-0896	step3_canonical/page-0896.txt	YES
RB-0018	page-0897	step3_canonical/page-0897.txt	YES
RB-0018	page-0898	step3_canonical/page-0898.txt	YES
RB-0018	page-0899	step3_canonical/page-0899.txt	YES
RB-0018	page-0900	step3_canonical/page-0900.txt	YES
RB-0019	page-0902	step3_canonical/page-0902.txt	YES
RB-0019	page-0903	step3_canonical/page-0903.txt	YES
RB-0019	page-0904	step3_canonical/page-0904.txt	YES
RB-0019	page-0905	step3_canonical/page-0905.txt	YES
RB-0019	page-0906	step3_canonical/page-0906.txt	YES
RB-0019	page-0907	step3_canonical/page-0907.txt	YES
RB-0019	page-0908	step3_canonical/page-0908.txt	YES
RB-0019	page-0909	step3_canonical/page-0909.txt	YES
RB-0019	page-0910	step3_canonical/page-0910.txt	YES
RB-0019	page-0911	step3_canonical/page-0911.txt	YES
RB-0019	page-0912	step3_canonical/page-0912.txt	YES
RB-0019	page-0913	step3_canonical/page-0913.txt	YES
RB-0019	page-0914	step3_canonical/page-0914.txt	YES
RB-0019	page-0915	step3_canonical/page-0915.txt	YES
RB-0019	page-0916	step3_canonical/page-0916.txt	YES
RB-0019	page-0917	step3_canonical/page-0917.txt	YES
RB-0019	page-0918	step3_canonical/page-0918.txt	YES
RB-0019	page-0919	step3_canonical/page-0919.txt	YES
RB-0020	page-0921	step3_canonical/page-0921.txt	YES
RB-0020	page-0922	step3_canonical/page-0922.txt	YES
RB-0020	page-0923	step3_canonical/page-0923.txt	YES
RB-0020	page-0924	step3_canonical/page-0924.txt	YES
RB-0020	page-0925	step3_canonical/page-0925.txt	YES
RB-0020	page-0926	step3_canonical/page-0926.txt	YES
RB-0021	page-0929	step3_canonical/page-0929.txt	YES
RB-0021	page-0930	step3_canonical/page-0930.txt	YES
RB-0021	page-0931	step3_canonical/page-0931.txt	YES
RB-0021	page-0932	step3_canonical/page-0932.txt	YES
RB-0021	page-0933	step3_canonical/page-0933.txt	YES
RB-0021	page-0934	step3_canonical/page-0934.txt	YES
RB-0021	page-0935	step3_canonical/page-0935.txt	YES
RB-0021	page-0936	step3_canonical/page-0936.txt	YES
RB-0021	page-0937	step3_canonical/page-0937.txt	YES
RB-0021	page-0938	step3_canonical/page-0938.txt	YES
RB-0021	page-0939	step3_canonical/page-0939.txt	YES
RB-0021	page-0940	step3_canonical/page-0940.txt	YES
RB-0021	page-0941	step3_canonical/page-0941.txt	YES
RB-0021	page-0942	step3_canonical/page-0942.txt	YES
RB-0021	page-0943	step3_canonical/page-0943.txt	YES
RB-0021	page-0944	step3_canonical/page-0944.txt	YES
RB-0021	page-0945	step3_canonical/page-0945.txt	YES
RB-0021	page-0946	step3_canonical/page-0946.txt	YES
RB-0021	page-0947	step3_canonical/page-0947.txt	YES
RB-0021	page-0948	step3_canonical/page-0948.txt	YES
RB-0021	page-0949	step3_canonical/page-0949.txt	YES
RB-0021	page-0950	step3_canonical/page-0950.txt	YES
RB-0021	page-0951	step3_canonical/page-0951.txt	YES
RB-0021	page-0952	step3_canonical/page-0952.txt	YES
RB-0021	page-0953	step3_canonical/page-0953.txt	YES
RB-0021	page-0954	step3_canonical/page-0954.txt	YES
RB-0021	page-0955	step3_canonical/page-0955.txt	YES
RB-0021	page-0956	step3_canonical/page-0956.txt	YES
RB-0021	page-0957	step3_canonical/page-0957.txt	YES
RB-0021	page-0958	step3_canonical/page-0958.txt	YES
RB-0021	page-0959	step3_canonical/page-0959.txt	YES
RB-0021	page-0960	step3_canonical/page-0960.txt	YES
RB-0021	page-0961	step3_canonical/page-0961.txt	YES
RB-0021	page-0962	step3_canonical/page-0962.txt	YES
RB-0021	page-0963	step3_canonical/page-0963.txt	YES
RB-0021	page-0964	step3_canonical/page-0964.txt	YES
RB-0021	page-0965	step3_canonical/page-0965.txt	YES
RB-0021	page-0966	step3_canonical/page-0966.txt	YES
RB-0021	page-0967	step3_canonical/page-0967.txt	YES
RB-0021	page-0968	step3_canonical/page-0968.txt	YES
RB-0021	page-0969	step3_canonical/page-0969.txt	YES
RB-0021	page-0970	step3_canonical/page-0970.txt	YES
RB-0021	page-0971	step3_canonical/page-0971.txt	YES
RB-0021	page-0972	step3_canonical/page-0972.txt	YES
RB-0021	page-0973	step3_canonical/page-0973.txt	YES
RB-0021	page-0974	step3_canonical/page-0974.txt	YES
RB-0021	page-0975	step3_canonical/page-0975.txt	YES
RB-0021	page-0976	step3_canonical/page-0976.txt	YES
RB-0021	page-0977	step3_canonical/page-0977.txt	YES
RB-0021	page-0978	step3_canonical/page-0978.txt	YES
RB-0022	page-0980	step3_canonical/page-0980.txt	YES
RB-0023	page-0983	step3_canonical/page-0983.txt	YES
RB-0023	page-0984	step3_canonical/page-0984.txt	YES
RB-0023	page-0985	step3_canonical/page-0985.txt	YES
RB-0023	page-0986	step3_canonical/page-0986.txt	YES
RB-0023	page-0987	step3_canonical/page-0987.txt	YES
RB-0023	page-0988	step3_canonical/page-0988.txt	YES
RB-0023	page-0989	step3_canonical/page-0989.txt	YES
RB-0023	page-0990	step3_canonical/page-0990.txt	YES
RB-0023	page-0991	step3_canonical/page-0991.txt	YES
RB-0023	page-0992	step3_canonical/page-0992.txt	YES
RB-0023	page-0993	step3_canonical/page-0993.txt	YES
RB-0023	page-0994	step3_canonical/page-0994.txt	YES
RB-0023	page-0995	step3_canonical/page-0995.txt	YES
RB-0023	page-0996	step3_canonical/page-0996.txt	YES
RB-0023	page-0997	step3_canonical/page-0997.txt	YES
RB-0023	page-0998	step3_canonical/page-0998.txt	YES
RB-0023	page-0999	step3_canonical/page-0999.txt	YES
RB-0023	page-1000	step3_canonical/page-1000.txt	YES
RB-0023	page-1001	step3_canonical/page-1001.txt	YES
RB-0023	page-1002	step3_canonical/page-1002.txt	YES
RB-0023	page-1003	step3_canonical/page-1003.txt	YES
RB-0023	page-1004	step3_canonical/page-1004.txt	YES
RB-0023	page-1005	step3_canonical/page-1005.txt	YES
RB-0023	page-1006	step3_canonical/page-1006.txt	YES
RB-0023	page-1007	step3_canonical/page-1007.txt	YES
RB-0023	page-1008	step3_canonical/page-1008.txt	YES
RB-0023	page-1009	step3_canonical/page-1009.txt	YES
RB-0023	page-1010	step3_canonical/page-1010.txt	YES
RB-0023	page-1011	step3_canonical/page-1011.txt	YES
RB-0023	page-1012	step3_canonical/page-1012.txt	YES
RB-0023	page-1013	step3_canonical/page-1013.txt	YES
RB-0023	page-1014	step3_canonical/page-1014.txt	YES
RB-0023	page-1015	step3_canonical/page-1015.txt	YES
RB-0023	page-1016	step3_canonical/page-1016.txt	YES
RB-0023	page-1017	step3_canonical/page-1017.txt	YES
RB-0023	page-1018	step3_canonical/page-1018.txt	YES
RB-0023	page-1019	step3_canonical/page-1019.txt	YES
RB-0023	page-1020	step3_canonical/page-1020.txt	YES
RB-0023	page-1021	step3_canonical/page-1021.txt	YES
RB-0023	page-1022	step3_canonical/page-1022.txt	YES
RB-0023	page-1023	step3_canonical/page-1023.txt	YES
RB-0023	page-1024	step3_canonical/page-1024.txt	YES
RB-0024	page-1028	step3_canonical/page-1028.txt	YES
RB-0024	page-1029	step3_canonical/page-1029.txt	YES
RB-0024	page-1030	step3_canonical/page-1030.txt	YES
RB-0024	page-1031	step3_canonical/page-1031.txt	YES
RB-0024	page-1032	step3_canonical/page-1032.txt	YES
RB-0024	page-1033	step3_canonical/page-1033.txt	YES
RB-0024	page-1034	step3_canonical/page-1034.txt	YES
RB-0024	page-1035	step3_canonical/page-1035.txt	YES
RB-0024	page-1036	step3_canonical/page-1036.txt	YES
RB-0024	page-1037	step3_canonical/page-1037.txt	YES
RB-0024	page-1038	step3_canonical/page-1038.txt	YES
RB-0024	page-1039	step3_canonical/page-1039.txt	YES
RB-0024	page-1040	step3_canonical/page-1040.txt	YES
RB-0024	page-1041	step3_canonical/page-1041.txt	YES
RB-0024	page-1042	step3_canonical/page-1042.txt	YES
RB-0024	page-1043	step3_canonical/page-1043.txt	YES
RB-0024	page-1044	step3_canonical/page-1044.txt	YES
RB-0024	page-1045	step3_canonical/page-1045.txt	YES
RB-0024	page-1046	step3_canonical/page-1046.txt	YES
RB-0024	page-1047	step3_canonical/page-1047.txt	YES
RB-0024	page-1048	step3_canonical/page-1048.txt	YES
RB-0024	page-1049	step3_canonical/page-1049.txt	YES
RB-0025	page-1051	step3_canonical/page-1051.txt	YES
RB-0025	page-1052	step3_canonical/page-1052.txt	YES
RB-0025	page-1053	step3_canonical/page-1053.txt	YES
RB-0025	page-1054	step3_canonical/page-1054.txt	YES
RB-0025	page-1055	step3_canonical/page-1055.txt	YES
RB-0025	page-1056	step3_canonical/page-1056.txt	YES
RB-0025	page-1057	step3_canonical/page-1057.txt	YES
RB-0025	page-1058	step3_canonical/page-1058.txt	YES
RB-0025	page-1059	step3_canonical/page-1059.txt	YES
RB-0025	page-1060	step3_canonical/page-1060.txt	YES
RB-0025	page-1061	step3_canonical/page-1061.txt	YES
RB-0025	page-1062	step3_canonical/page-1062.txt	YES
RB-0025	page-1063	step3_canonical/page-1063.txt	YES
RB-0025	page-1064	step3_canonical/page-1064.txt	YES
RB-0025	page-1065	step3_canonical/page-1065.txt	YES
RB-0025	page-1066	step3_canonical/page-1066.txt	YES
RB-0025	page-1067	step3_canonical/page-1067.txt	YES
RB-0025	page-1068	step3_canonical/page-1068.txt	YES
RB-0025	page-1069	step3_canonical/page-1069.txt	YES
RB-0025	page-1070	step3_canonical/page-1070.txt	YES
RB-0025	page-1071	step3_canonical/page-1071.txt	YES
RB-0025	page-1072	step3_canonical/page-1072.txt	YES
RB-0025	page-1073	step3_canonical/page-1073.txt	YES
RB-0025	page-1074	step3_canonical/page-1074.txt	YES
RB-0025	page-1075	step3_canonical/page-1075.txt	YES
RB-0025	page-1076	step3_canonical/page-1076.txt	YES
RB-0025	page-1077	step3_canonical/page-1077.txt	YES
RB-0025	page-1078	step3_canonical/page-1078.txt	YES
RB-0025	page-1079	step3_canonical/page-1079.txt	YES
RB-0025	page-1080	step3_canonical/page-1080.txt	YES
RB-0025	page-1081	step3_canonical/page-1081.txt	YES
RB-0025	page-1082	step3_canonical/page-1082.txt	YES
RB-0025	page-1083	step3_canonical/page-1083.txt	YES
RB-0025	page-1084	step3_canonical/page-1084.txt	YES
RB-0025	page-1085	step3_canonical/page-1085.txt	YES
RB-0025	page-1086	step3_canonical/page-1086.txt	YES
RB-0026	page-1089	step3_canonical/page-1089.txt	YES
RB-0026	page-1090	step3_canonical/page-1090.txt	YES
RB-0026	page-1091	step3_canonical/page-1091.txt	YES
RB-0026	page-1092	step3_canonical/page-1092.txt	YES
RB-0026	page-1093	step3_canonical/page-1093.txt	YES
RB-0026	page-1094	step3_canonical/page-1094.txt	YES
RB-0026	page-1095	step3_canonical/page-1095.txt	YES
RB-0026	page-1096	step3_canonical/page-1096.txt	YES
RB-0026	page-1097	step3_canonical/page-1097.txt	YES
RB-0026	page-1098	step3_canonical/page-1098.txt	YES
RB-0026	page-1099	step3_canonical/page-1099.txt	YES
RB-0026	page-1100	step3_canonical/page-1100.txt	YES
RB-0026	page-1101	step3_canonical/page-1101.txt	YES
RB-0026	page-1102	step3_canonical/page-1102.txt	YES
RB-0026	page-1103	step3_canonical/page-1103.txt	YES
RB-0027	page-1105	step3_canonical/page-1105.txt	YES
RB-0027	page-1106	step3_canonical/page-1106.txt	YES
RB-0027	page-1107	step3_canonical/page-1107.txt	YES
RB-0027	page-1108	step3_canonical/page-1108.txt	YES
RB-0027	page-1109	step3_canonical/page-1109.txt	YES
RB-0027	page-1110	step3_canonical/page-1110.txt	YES
RB-0027	page-1111	step3_canonical/page-1111.txt	YES
RB-0027	page-1112	step3_canonical/page-1112.txt	YES
RB-0027	page-1113	step3_canonical/page-1113.txt	YES
RB-0027	page-1114	step3_canonical/page-1114.txt	YES
RB-0027	page-1115	step3_canonical/page-1115.txt	YES
RB-0027	page-1116	step3_canonical/page-1116.txt	YES
RB-0027	page-1117	step3_canonical/page-1117.txt	YES
RB-0027	page-1118	step3_canonical/page-1118.txt	YES
RB-0027	page-1119	step3_canonical/page-1119.txt	YES
RB-0027	page-1120	step3_canonical/page-1120.txt	YES
RB-0027	page-1121	step3_canonical/page-1121.txt	YES
RB-0027	page-1122	step3_canonical/page-1122.txt	YES
RB-0027	page-1123	step3_canonical/page-1123.txt	YES
RB-0027	page-1124	step3_canonical/page-1124.txt	YES
RB-0027	page-1125	step3_canonical/page-1125.txt	YES
RB-0027	page-1126	step3_canonical/page-1126.txt	YES
RB-0027	page-1127	step3_canonical/page-1127.txt	YES
RB-0027	page-1128	step3_canonical/page-1128.txt	YES
RB-0027	page-1129	step3_canonical/page-1129.txt	YES
RB-0027	page-1130	step3_canonical/page-1130.txt	YES
RB-0027	page-1131	step3_canonical/page-1131.txt	YES
RB-0027	page-1132	step3_canonical/page-1132.txt	YES
RB-0027	page-1133	step3_canonical/page-1133.txt	YES
RB-0027	page-1134	step3_canonical/page-1134.txt	YES
RB-0027	page-1135	step3_canonical/page-1135.txt	YES
RB-0027	page-1136	step3_canonical/page-1136.txt	YES
RB-0027	page-1137	step3_canonical/page-1137.txt	YES
RB-0027	page-1138	step3_canonical/page-1138.txt	YES
RB-0027	page-1139	step3_canonical/page-1139.txt	YES
RB-0027	page-1140	step3_canonical/page-1140.txt	YES
RB-0027	page-1141	step3_canonical/page-1141.txt	YES
RB-0027	page-1142	step3_canonical/page-1142.txt	YES
RB-0027	page-1143	step3_canonical/page-1143.txt	YES
RB-0027	page-1144	step3_canonical/page-1144.txt	YES
RB-0028	page-1150	step3_canonical/page-1150.txt	YES
RB-0028	page-1151	step3_canonical/page-1151.txt	YES
RB-0028	page-1152	step3_canonical/page-1152.txt	YES
RB-0028	page-1153	step3_canonical/page-1153.txt	YES
RB-0028	page-1154	step3_canonical/page-1154.txt	YES
RB-0028	page-1155	step3_canonical/page-1155.txt	YES
RB-0028	page-1156	step3_canonical/page-1156.txt	YES
RB-0028	page-1157	step3_canonical/page-1157.txt	YES
RB-0028	page-1158	step3_canonical/page-1158.txt	YES
RB-0028	page-1159	step3_canonical/page-1159.txt	YES
RB-0028	page-1160	step3_canonical/page-1160.txt	YES
RB-0028	page-1161	step3_canonical/page-1161.txt	YES
RB-0028	page-1162	step3_canonical/page-1162.txt	YES
