page_id	recipe_block_id
page-0001	NONE
page-0002	NONE
page-0003	NONE
page-0004	NONE
page-0005	NONE
page-0006	NONE
page-0007	NONE
page-0008	NONE
page-0009	NONE
page-0010	NONE
page-0011	NONE
page-0012	NONE
page-0013	NONE
page-0014	NONE
page-0015	NONE
page-0016	NONE
page-0017	NONE
page-0018	NONE
page-0019	NONE
page-0020	NONE
page-0021	NONE
page-0022	NONE
page-0023	NONE
page-0024	NONE
page-0025	NONE
page-0026	NONE
page-0027	NONE
page-0028	NONE
page-0029	NONE
page-0030	NONE
page-0031	NONE
page-0032	NONE
page-0033	NONE
page-0034	NONE
page-0035	NONE
page-0036	NONE
page-0037	NONE
page-0038	NONE
page-0039	NONE
page-0040	NONE
page-0041	NONE
page-0042	NONE
page-0043	NONE
page-0044	NONE
page-0045	NONE
page-0046	NONE
page-0047	NONE
page-0048	NONE
page-0049	NONE
page-0050	NONE
page-0051	NONE
page-0052	NONE
page-0053	NONE
page-0054	NONE
page-0055	NONE
page-0056	NONE
page-0057	NONE
page-0058	NONE
page-0059	NONE
page-0060	NONE
page-0061	NONE
page-0062	NONE
page-0063	NONE
page-0064	NONE
page-0065	NONE
page-0066	NONE
page-0067	NONE
page-0068	NONE
page-0069	NONE
page-0070	NONE
page-0071	NONE
page-0072	NONE
page-0073	NONE
page-0074	NONE
page-0075	NONE
page-0076	NONE
page-0077	NONE
page-0078	NONE
page-0079	NONE
page-0080	NONE
page-0081	NONE
page-0082	NONE
page-0083	NONE
page-0084	NONE
page-0085	NONE
page-0086	NONE
page-0087	NONE
page-0088	NONE
page-0089	NONE
page-0090	NONE
page-0091	NONE
page-0092	NONE
page-0093	NONE
page-0094	NONE
page-0095	NONE
page-0096	NONE
page-0097	NONE
page-0098	NONE
page-0099	NONE
page-0100	NONE
page-0101	NONE
page-0102	NONE
page-0103	NONE
page-0104	NONE
page-0105	NONE
page-0106	NONE
page-0107	NONE
page-0108	NONE
page-0109	NONE
page-0110	NONE
page-0111	NONE
page-0112	NONE
page-0113	NONE
page-0114	NONE
page-0115	NONE
page-0116	NONE
page-0117	NONE
page-0118	NONE
page-0119	NONE
page-0120	NONE
page-0121	NONE
page-0122	NONE
page-0123	NONE
page-0124	NONE
page-0125	NONE
page-0126	NONE
page-0127	NONE
page-0128	NONE
page-0129	NONE
page-0130	NONE
page-0131	NONE
page-0132	NONE
page-0133	NONE
page-0134	NONE
page-0135	NONE
page-0136	NONE
page-0137	NONE
page-0138	NONE
page-0139	NONE
page-0140	NONE
page-0141	NONE
page-0142	NONE
page-0143	NONE
page-0144	NONE
page-0145	NONE
page-0146	NONE
page-0147	NONE
page-0148	NONE
page-0149	NONE
page-0150	NONE
page-0151	NONE
page-0152	NONE
page-0153	NONE
page-0154	NONE
page-0155	NONE
page-0156	NONE
page-0157	NONE
page-0158	NONE
page-0159	NONE
page-0160	NONE
page-0161	NONE
page-0162	NONE
page-0163	NONE
page-0164	NONE
page-0165	NONE
page-0166	NONE
page-0167	NONE
page-0168	NONE
page-0169	NONE
page-0170	NONE
page-0171	NONE
page-0172	NONE
page-0173	NONE
page-0174	NONE
page-0175	NONE
page-0176	NONE
page-0177	NONE
page-0178	NONE
page-0179	NONE
page-0180	NONE
page-0181	NONE
page-0182	NONE
page-0183	NONE
page-0184	NONE
page-0185	NONE
page-0186	RB-0001
page-0187	RB-0001
page-0188	NONE
page-0189	RB-0002
page-0190	RB-0002
page-0191	RB-0002
page-0192	NONE
page-0193	RB-0003
page-0194	RB-0003
page-0195	RB-0003
page-0196	RB-0003
page-0197	RB-0003
page-0198	RB-0003
page-0199	RB-0003
page-0200	RB-0003
page-0201	RB-0003
page-0202	RB-0003
page-0203	RB-0003
page-0204	RB-0003
page-0205	RB-0003
page-0206	RB-0003
page-0207	RB-0003
page-0208	RB-0003
page-0209	RB-0003
page-0210	RB-0003
page-0211	RB-0003
page-0212	NONE
page-0213	NONE
page-0214	RB-0004
page-0215	RB-0004
page-0216	RB-0004
page-0217	RB-0004
page-0218	RB-0004
page-0219	RB-0004
page-0220	RB-0004
page-0221	RB-0004
page-0222	RB-0004
page-0223	RB-0004
page-0224	RB-0004
page-0225	RB-0004
page-0226	RB-0004
page-0227	RB-0004
page-0228	RB-0004
page-0229	RB-0004
page-0230	RB-0004
page-0231	RB-0004
page-0232	RB-0004
page-0233	RB-0004
page-0234	RB-0004
page-0235	RB-0004
page-0236	RB-0004
page-0237	RB-0004
page-0238	RB-0004
page-0239	RB-0004
page-0240	RB-0004
page-0241	RB-0004
page-0242	RB-0004
page-0243	RB-0004
page-0244	NONE
page-0245	RB-0005
page-0246	RB-0005
page-0247	RB-0005
page-0248	RB-0005
page-0249	RB-0005
page-0250	RB-0005
page-0251	RB-0005
page-0252	RB-0005
page-0253	RB-0005
page-0254	RB-0005
page-0255	RB-0005
page-0256	RB-0005
page-0257	RB-0005
page-0258	RB-0005
page-0259	RB-0005
page-0260	RB-0005
page-0261	RB-0005
page-0262	RB-0005
page-0263	RB-0005
page-0264	RB-0005
page-0265	RB-0005
page-0266	RB-0005
page-0267	RB-0005
page-0268	RB-0005
page-0269	RB-0005
page-0270	RB-0005
page-0271	RB-0005
page-0272	RB-0005
page-0273	RB-0005
page-0274	RB-0005
page-0275	RB-0005
page-0276	NONE
page-0277	RB-0006
page-0278	RB-0006
page-0279	RB-0006
page-0280	RB-0006
page-0281	RB-0006
page-0282	RB-0006
page-0283	RB-0006
page-0284	RB-0006
page-0285	RB-0006
page-0286	RB-0006
page-0287	RB-0006
page-0288	RB-0006
page-0289	RB-0006
page-0290	RB-0006
page-0291	RB-0006
page-0292	RB-0006
page-0293	RB-0006
page-0294	RB-0006
page-0295	RB-0006
page-0296	RB-0006
page-0297	RB-0006
page-0298	RB-0006
page-0299	RB-0006
page-0300	RB-0006
page-0301	RB-0006
page-0302	RB-0006
page-0303	RB-0006
page-0304	RB-0006
page-0305	RB-0006
page-0306	RB-0006
page-0307	RB-0006
page-0308	RB-0006
page-0309	RB-0006
page-0310	RB-0006
page-0311	RB-0006
page-0312	RB-0006
page-0313	RB-0006
page-0314	RB-0006
page-0315	RB-0006
page-0316	RB-0006
page-0317	RB-0006
page-0318	RB-0006
page-0319	RB-0006
page-0320	RB-0006
page-0321	RB-0006
page-0322	RB-0006
page-0323	RB-0006
page-0324	RB-0006
page-0325	RB-0006
page-0326	RB-0006
page-0327	RB-0006
page-0328	RB-0006
page-0329	RB-0006
page-0330	RB-0006
page-0331	RB-0006
page-0332	RB-0006
page-0333	RB-0006
page-0334	NONE
page-0335	RB-0007
page-0336	RB-0007
page-0337	NONE
page-0338	RB-0008
page-0339	RB-0008
page-0340	RB-0008
page-0341	RB-0008
page-0342	RB-0008
page-0343	RB-0008
page-0344	RB-0008
page-0345	RB-0008
page-0346	RB-0008
page-0347	RB-0008
page-0348	RB-0008
page-0349	RB-0008
page-0350	RB-0008
page-0351	RB-0008
page-0352	RB-0008
page-0353	RB-0008
page-0354	RB-0008
page-0355	RB-0008
page-0356	RB-0008
page-0357	RB-0008
page-0358	RB-0008
page-0359	RB-0008
page-0360	RB-0008
page-0361	RB-0008
page-0362	RB-0008
page-0363	RB-0008
page-0364	RB-0008
page-0365	RB-0008
page-0366	NONE
page-0367	NONE
page-0368	NONE
page-0369	RB-0009
page-0370	RB-0009
page-0371	RB-0009
page-0372	RB-0009
page-0373	RB-0009
page-0374	RB-0009
page-0375	RB-0009
page-0376	RB-0009
page-0377	RB-0009
page-0378	RB-0009
page-0379	RB-0009
page-0380	RB-0009
page-0381	RB-0009
page-0382	RB-0009
page-0383	RB-0009
page-0384	RB-0009
page-0385	RB-0009
page-0386	RB-0009
page-0387	RB-0009
page-0388	RB-0009
page-0389	RB-0009
page-0390	RB-0009
page-0391	RB-0009
page-0392	RB-0009
page-0393	RB-0009
page-0394	RB-0009
page-0395	RB-0009
page-0396	RB-0009
page-0397	RB-0009
page-0398	RB-0009
page-0399	RB-0009
page-0400	RB-0009
page-0401	RB-0009
page-0402	NONE
page-0403	RB-0010
page-0404	RB-0010
page-0405	RB-0010
page-0406	RB-0010
page-0407	RB-0010
page-0408	RB-0010
page-0409	RB-0010
page-0410	RB-0010
page-0411	RB-0010
page-0412	RB-0010
page-0413	RB-0010
page-0414	RB-0010
page-0415	RB-0010
page-0416	RB-0010
page-0417	RB-0010
page-0418	RB-0010
page-0419	RB-0010
page-0420	RB-0010
page-0421	RB-0010
page-0422	RB-0010
page-0423	RB-0010
page-0424	RB-0010
page-0425	RB-0010
page-0426	RB-0010
page-0427	RB-0010
page-0428	RB-0010
page-0429	RB-0010
page-0430	RB-0010
page-0431	RB-0010
page-0432	RB-0010
page-0433	RB-0010
page-0434	RB-0010
page-0435	RB-0010
page-0436	RB-0010
page-0437	RB-0010
page-0438	RB-0010
page-0439	RB-0010
page-0440	RB-0010
page-0441	RB-0010
page-0442	RB-0010
page-0443	RB-0010
page-0444	RB-0010
page-0445	RB-0010
page-0446	RB-0010
page-0447	RB-0010
page-0448	RB-0010
page-0449	RB-0010
page-0450	RB-0010
page-0451	RB-0010
page-0452	RB-0010
page-0453	RB-0010
page-0454	RB-0010
page-0455	RB-0010
page-0456	RB-0010
page-0457	RB-0010
page-0458	RB-0010
page-0459	RB-0010
page-0460	RB-0010
page-0461	RB-0010
page-0462	RB-0010
page-0463	RB-0010
page-0464	RB-0010
page-0465	RB-0010
page-0466	RB-0010
page-0467	RB-0010
page-0468	RB-0010
page-0469	RB-0010
page-0470	RB-0010
page-0471	RB-0010
page-0472	RB-0010
page-0473	RB-0010
page-0474	NONE
page-0475	RB-0011
page-0476	RB-0011
page-0477	RB-0011
page-0478	RB-0011
page-0479	RB-0011
page-0480	RB-0011
page-0481	RB-0011
page-0482	RB-0011
page-0483	RB-0011
page-0484	RB-0011
page-0485	RB-0011
page-0486	RB-0011
page-0487	RB-0011
page-0488	RB-0011
page-0489	RB-0011
page-0490	RB-0011
page-0491	RB-0011
page-0492	RB-0011
page-0493	RB-0011
page-0494	RB-0011
page-0495	RB-0011
page-0496	RB-0011
page-0497	RB-0011
page-0498	RB-0011
page-0499	RB-0011
page-0500	RB-0011
page-0501	RB-0011
page-0502	RB-0011
page-0503	RB-0011
page-0504	RB-0011
page-0505	RB-0011
page-0506	RB-0011
page-0507	RB-0011
page-0508	RB-0011
page-0509	RB-0011
page-0510	RB-0011
page-0511	RB-0011
page-0512	RB-0011
page-0513	RB-0011
page-0514	RB-0011
page-0515	RB-0011
page-0516	RB-0011
page-0517	RB-0011
page-0518	RB-0011
page-0519	RB-0011
page-0520	RB-0011
page-0521	RB-0011
page-0522	RB-0011
page-0523	RB-0011
page-0524	RB-0011
page-0525	RB-0011
page-0526	RB-0011
page-0527	RB-0011
page-0528	RB-0011
page-0529	RB-0011
page-0530	RB-0011
page-0531	RB-0011
page-0532	RB-0011
page-0533	RB-0011
page-0534	RB-0011
page-0535	RB-0011
page-0536	RB-0011
page-0537	RB-0011
page-0538	RB-0011
page-0539	RB-0011
page-0540	RB-0011
page-0541	RB-0011
page-0542	RB-0011
page-0543	RB-0011
page-0544	RB-0011
page-0545	RB-0011
page-0546	RB-0011
page-0547	RB-0011
page-0548	RB-0011
page-0549	RB-0011
page-0550	RB-0011
page-0551	RB-0011
page-0552	RB-0011
page-0553	RB-0011
page-0554	RB-0011
page-0555	RB-0011
page-0556	RB-0011
page-0557	RB-0011
page-0558	RB-0011
page-0559	RB-0011
page-0560	RB-0011
page-0561	RB-0011
page-0562	RB-0011
page-0563	RB-0011
page-0564	RB-0011
page-0565	RB-0011
page-0566	RB-0011
page-0567	RB-0011
page-0568	RB-0011
page-0569	RB-0011
page-0570	RB-0011
page-0571	RB-0011
page-0572	RB-0011
page-0573	RB-0011
page-0574	RB-0011
page-0575	RB-0011
page-0576	RB-0011
page-0577	RB-0011
page-0578	RB-0011
page-0579	RB-0011
page-0580	RB-0011
page-0581	RB-0011
page-0582	RB-0011
page-0583	RB-0011
page-0584	RB-0011
page-0585	RB-0011
page-0586	RB-0011
page-0587	RB-0011
page-0588	RB-0011
page-0589	RB-0011
page-0590	RB-0011
page-0591	RB-0011
page-0592	RB-0011
page-0593	RB-0011
page-0594	RB-0011
page-0595	RB-0011
page-0596	RB-0011
page-0597	RB-0011
page-0598	RB-0011
page-0599	RB-0011
page-0600	RB-0011
page-0601	RB-0011
page-0602	RB-0011
page-0603	RB-0011
page-0604	RB-0011
page-0605	RB-0011
page-0606	RB-0011
page-0607	RB-0011
page-0608	RB-0011
page-0609	RB-0011
page-0610	RB-0011
page-0611	RB-0011
page-0612	RB-0011
page-0613	RB-0011
page-0614	RB-0011
page-0615	NONE
page-0616	RB-0012
page-0617	RB-0012
page-0618	RB-0012
page-0619	RB-0012
page-0620	RB-0012
page-0621	RB-0012
page-0622	RB-0012
page-0623	RB-0012
page-0624	RB-0012
page-0625	RB-0012
page-0626	RB-0012
page-0627	RB-0012
page-0628	RB-0012
page-0629	RB-0012
page-0630	RB-0012
page-0631	RB-0012
page-0632	RB-0012
page-0633	RB-0012
page-0634	RB-0012
page-0635	RB-0012
page-0636	RB-0012
page-0637	RB-0012
page-0638	RB-0012
page-0639	RB-0012
page-0640	RB-0012
page-0641	RB-0012
page-0642	RB-0012
page-0643	NONE
page-0644	NONE
page-0645	RB-0013
page-0646	RB-0013
page-0647	RB-0013
page-0648	RB-0013
page-0649	RB-0013
page-0650	RB-0013
page-0651	RB-0013
page-0652	RB-0013
page-0653	RB-0013
page-0654	RB-0013
page-0655	RB-0013
page-0656	RB-0013
page-0657	RB-0013
page-0658	RB-0013
page-0659	RB-0013
page-0660	RB-0013
page-0661	RB-0013
page-0662	RB-0013
page-0663	RB-0013
page-0664	RB-0013
page-0665	RB-0013
page-0666	RB-0013
page-0667	RB-0013
page-0668	RB-0013
page-0669	RB-0013
page-0670	RB-0013
page-0671	RB-0013
page-0672	RB-0013
page-0673	RB-0013
page-0674	RB-0013
page-0675	RB-0013
page-0676	RB-0013
page-0677	RB-0013
page-0678	RB-0013
page-0679	RB-0013
page-0680	RB-0013
page-0681	RB-0013
page-0682	RB-0013
page-0683	RB-0013
page-0684	RB-0013
page-0685	RB-0013
page-0686	RB-0013
page-0687	RB-0013
page-0688	RB-0013
page-0689	RB-0013
page-0690	RB-0013
page-0691	RB-0013
page-0692	RB-0013
page-0693	RB-0013
page-0694	RB-0013
page-0695	RB-0013
page-0696	RB-0013
page-0697	RB-0013
page-0698	RB-0013
page-0699	NONE
page-0700	RB-0014
page-0701	RB-0014
page-0702	RB-0014
page-0703	RB-0014
page-0704	RB-0014
page-0705	RB-0014
page-0706	RB-0014
page-0707	RB-0014
page-0708	RB-0014
page-0709	RB-0014
page-0710	RB-0014
page-0711	RB-0014
page-0712	RB-0014
page-0713	RB-0014
page-0714	RB-0014
page-0715	RB-0014
page-0716	RB-0014
page-0717	NONE
page-0718	NONE
page-0719	NONE
page-0720	NONE
page-0721	RB-0015
page-0722	RB-0015
page-0723	RB-0015
page-0724	RB-0015
page-0725	RB-0015
page-0726	RB-0015
page-0727	RB-0015
page-0728	RB-0015
page-0729	RB-0015
page-0730	RB-0015
page-0731	RB-0015
page-0732	RB-0015
page-0733	RB-0015
page-0734	RB-0015
page-0735	RB-0015
page-0736	RB-0015
page-0737	RB-0015
page-0738	RB-0015
page-0739	RB-0015
page-0740	RB-0015
page-0741	RB-0015
page-0742	RB-0015
page-0743	RB-0015
page-0744	RB-0015
page-0745	RB-0015
page-0746	RB-0015
page-0747	RB-0015
page-0748	RB-0015
page-0749	NONE
page-0750	NONE
page-0751	RB-0016
page-0752	RB-0016
page-0753	RB-0016
page-0754	RB-0016
page-0755	RB-0016
page-0756	RB-0016
page-0757	RB-0016
page-0758	RB-0016
page-0759	RB-0016
page-0760	RB-0016
page-0761	RB-0016
page-0762	RB-0016
page-0763	RB-0016
page-0764	NONE
page-0765	RB-0017
page-0766	RB-0017
page-0767	RB-0017
page-0768	RB-0017
page-0769	RB-0017
page-0770	RB-0017
page-0771	RB-0017
page-0772	RB-0017
page-0773	RB-0017
page-0774	RB-0017
page-0775	RB-0017
page-0776	RB-0017
page-0777	RB-0017
page-0778	RB-0017
page-0779	RB-0017
page-0780	RB-0017
page-0781	RB-0017
page-0782	RB-0017
page-0783	RB-0017
page-0784	RB-0017
page-0785	RB-0017
page-0786	RB-0017
page-0787	RB-0017
page-0788	RB-0017
page-0789	RB-0017
page-0790	RB-0017
page-0791	RB-0017
page-0792	RB-0017
page-0793	RB-0017
page-0794	RB-0017
page-0795	RB-0017
page-0796	RB-0017
page-0797	RB-0017
page-0798	RB-0017
page-0799	NONE
page-0800	NONE
page-0801	RB-0018
page-0802	RB-0018
page-0803	RB-0018
page-0804	RB-0018
page-0805	RB-0018
page-0806	RB-0018
page-0807	RB-0018
page-0808	RB-0018
page-0809	RB-0018
page-0810	RB-0018
page-0811	RB-0018
page-0812	RB-0018
page-0813	RB-0018
page-0814	RB-0018
page-0815	RB-0018
page-0816	RB-0018
page-0817	RB-0018
page-0818	RB-0018
page-0819	RB-0018
page-0820	RB-0018
page-0821	RB-0018
page-0822	RB-0018
page-0823	RB-0018
page-0824	RB-0018
page-0825	RB-0018
page-0826	RB-0018
page-0827	RB-0018
page-0828	RB-0018
page-0829	RB-0018
page-0830	RB-0018
page-0831	RB-0018
page-0832	RB-0018
page-0833	RB-0018
page-0834	RB-0018
page-0835	RB-0018
page-0836	RB-0018
page-0837	RB-0018
page-0838	RB-0018
page-0839	RB-0018
page-0840	RB-0018
page-0841	RB-0018
page-0842	RB-0018
page-0843	RB-0018
page-0844	RB-0018
page-0845	RB-0018
page-0846	RB-0018
page-0847	RB-0018
page-0848	RB-0018
page-0849	RB-0018
page-0850	RB-0018
page-0851	RB-0018
page-0852	RB-0018
page-0853	RB-0018
page-0854	RB-0018
page-0855	RB-0018
page-0856	RB-0018
page-0857	RB-0018
page-0858	RB-0018
page-0859	RB-0018
page-0860	RB-0018
page-0861	RB-0018
page-0862	RB-0018
page-0863	RB-0018
page-0864	RB-0018
page-0865	RB-0018
page-0866	RB-0018
page-0867	RB-0018
page-0868	RB-0018
page-0869	RB-0018
page-0870	RB-0018
page-0871	RB-0018
page-0872	RB-0018
page-0873	RB-0018
page-0874	RB-0018
page-0875	RB-0018
page-0876	RB-0018
page-0877	RB-0018
page-0878	RB-0018
page-0879	RB-0018
page-0880	RB-0018
page-0881	RB-0018
page-0882	RB-0018
page-0883	RB-0018
page-0884	RB-0018
page-0885	RB-0018
page-0886	RB-0018
page-0887	RB-0018
page-0888	RB-0018
page-0889	RB-0018
page-0890	RB-0018
page-0891	RB-0018
page-0892	RB-0018
page-0893	RB-0018
page-0894	RB-0018
page-0895	RB-0018
page-0896	RB-0018
page-0897	RB-0018
page-0898	RB-0018
page-0899	RB-0018
page-0900	RB-0018
page-0901	NONE
page-0902	RB-0019
page-0903	RB-0019
page-0904	RB-0019
page-0905	RB-0019
page-0906	RB-0019
page-0907	RB-0019
page-0908	RB-0019
page-0909	RB-0019
page-0910	RB-0019
page-0911	RB-0019
page-0912	RB-0019
page-0913	RB-0019
page-0914	RB-0019
page-0915	RB-0019
page-0916	RB-0019
page-0917	RB-0019
page-0918	RB-0019
page-0919	RB-0019
page-0920	NONE
page-0921	RB-0020
page-0922	RB-0020
page-0923	RB-0020
page-0924	RB-0020
page-0925	RB-0020
page-0926	RB-0020
page-0927	NONE
page-0928	NONE
page-0929	RB-0021
page-0930	RB-0021
page-0931	RB-0021
page-0932	RB-0021
page-0933	RB-0021
page-0934	RB-0021
page-0935	RB-0021
page-0936	RB-0021
page-0937	RB-0021
page-0938	RB-0021
page-0939	RB-0021
page-0940	RB-0021
page-0941	RB-0021
page-0942	RB-0021
page-0943	RB-0021
page-0944	RB-0021
page-0945	RB-0021
page-0946	RB-0021
page-0947	RB-0021
page-0948	RB-0021
page-0949	RB-0021
page-0950	RB-0021
page-0951	RB-0021
page-0952	RB-0021
page-0953	RB-0021
page-0954	RB-0021
page-0955	RB-0021
page-0956	RB-0021
page-0957	RB-0021
page-0958	RB-0021
page-0959	RB-0021
page-0960	RB-0021
page-0961	RB-0021
page-0962	RB-0021
page-0963	RB-0021
page-0964	RB-0021
page-0965	RB-0021
page-0966	RB-0021
page-0967	RB-0021
page-0968	RB-0021
page-0969	RB-0021
page-0970	RB-0021
page-0971	RB-0021
page-0972	RB-0021
page-0973	RB-0021
page-0974	RB-0021
page-0975	RB-0021
page-0976	RB-0021
page-0977	RB-0021
page-0978	RB-0021
page-0979	NONE
page-0980	RB-0022
page-0981	NONE
page-0982	NONE
page-0983	RB-0023
page-0984	RB-0023
page-0985	RB-0023
page-0986	RB-0023
page-0987	RB-0023
page-0988	RB-0023
page-0989	RB-0023
page-0990	RB-0023
page-0991	RB-0023
page-0992	RB-0023
page-0993	RB-0023
page-0994	RB-0023
page-0995	RB-0023
page-0996	RB-0023
page-0997	RB-0023
page-0998	RB-0023
page-0999	RB-0023
page-1000	RB-0023
page-1001	RB-0023
page-1002	RB-0023
page-1003	RB-0023
page-1004	RB-0023
page-1005	RB-0023
page-1006	RB-0023
page-1007	RB-0023
page-1008	RB-0023
page-1009	RB-0023
page-1010	RB-0023
page-1011	RB-0023
page-1012	RB-0023
page-1013	RB-0023
page-1014	RB-0023
page-1015	RB-0023
page-1016	RB-0023
page-1017	RB-0023
page-1018	RB-0023
page-1019	RB-0023
page-1020	RB-0023
page-1021	RB-0023
page-1022	RB-0023
page-1023	RB-0023
page-1024	RB-0023
page-1025	NONE
page-1026	NONE
page-1027	NONE
page-1028	RB-0024
page-1029	RB-0024
page-1030	RB-0024
page-1031	RB-0024
page-1032	RB-0024
page-1033	RB-0024
page-1034	RB-0024
page-1035	RB-0024
page-1036	RB-0024
page-1037	RB-0024
page-1038	RB-0024
page-1039	RB-0024
page-1040	RB-0024
page-1041	RB-0024
page-1042	RB-0024
page-1043	RB-0024
page-1044	RB-0024
page-1045	RB-0024
page-1046	RB-0024
page-1047	RB-0024
page-1048	RB-0024
page-1049	RB-0024
page-1050	NONE
page-1051	RB-0025
page-1052	RB-0025
page-1053	RB-0025
page-1054	RB-0025
page-1055	RB-0025
page-1056	RB-0025
page-1057	RB-0025
page-1058	RB-0025
page-1059	RB-0025
page-1060	RB-0025
page-1061	RB-0025
page-1062	RB-0025
page-1063	RB-0025
page-1064	RB-0025
page-1065	RB-0025
page-1066	RB-0025
page-1067	RB-0025
page-1068	RB-0025
page-1069	RB-0025
page-1070	RB-0025
page-1071	RB-0025
page-1072	RB-0025
page-1073	RB-0025
page-1074	RB-0025
page-1075	RB-0025
page-1076	RB-0025
page-1077	RB-0025
page-1078	RB-0025
page-1079	RB-0025
page-1080	RB-0025
page-1081	RB-0025
page-1082	RB-0025
page-1083	RB-0025
page-1084	RB-0025
page-1085	RB-0025
page-1086	RB-0025
page-1087	NONE
page-1088	NONE
page-1089	RB-0026
page-1090	RB-0026
page-1091	RB-0026
page-1092	RB-0026
page-1093	RB-0026
page-1094	RB-0026
page-1095	RB-0026
page-1096	RB-0026
page-1097	RB-0026
page-1098	RB-0026
page-1099	RB-0026
page-1100	RB-0026
page-1101	RB-0026
page-1102	RB-0026
page-1103	RB-0026
page-1104	NONE
page-1105	RB-0027
page-1106	RB-0027
page-1107	RB-0027
page-1108	RB-0027
page-1109	RB-0027
page-1110	RB-0027
page-1111	RB-0027
page-1112	RB-0027
page-1113	RB-0027
page-1114	RB-0027
page-1115	RB-0027
page-1116	RB-0027
page-1117	RB-0027
page-1118	RB-0027
page-1119	RB-0027
page-1120	RB-0027
page-1121	RB-0027
page-1122	RB-0027
page-1123	RB-0027
page-1124	RB-0027
page-1125	RB-0027
page-1126	RB-0027
page-1127	RB-0027
page-1128	RB-0027
page-1129	RB-0027
page-1130	RB-0027
page-1131	RB-0027
page-1132	RB-0027
page-1133	RB-0027
page-1134	RB-0027
page-1135	RB-0027
page-1136	RB-0027
page-1137	RB-0027
page-1138	RB-0027
page-1139	RB-0027
page-1140	RB-0027
page-1141	RB-0027
page-1142	RB-0027
page-1143	RB-0027
page-1144	RB-0027
page-1145	NONE
page-1146	NONE
page-1147	NONE
page-1148	NONE
page-1149	NONE
page-1150	RB-0028
page-1151	RB-0028
page-1152	RB-0028
page-1153	RB-0028
page-1154	RB-0028
page-1155	RB-0028
page-1156	RB-0028
page-1157	RB-0028
page-1158	RB-0028
page-1159	RB-0028
page-1160	RB-0028
page-1161	RB-0028
page-1162	RB-0028
page-1163	NONE
page-1164	NONE
page-1165	NONE
page-1166	NONE
page-1167	NONE
page-1168	NONE
page-1169	NONE
page-1170	NONE
page-1171	NONE
page-1172	NONE
page-1173	NONE
page-1174	NONE
page-1175	NONE
page-1176	NONE
page-1177	NONE
page-1178	NONE
page-1179	NONE
page-1180	NONE
page-1181	NONE
page-1182	NONE
page-1183	NONE
page-1184	NONE
page-1185	NONE
page-1186	NONE
page-1187	NONE
page-1188	NONE
page-1189	NONE
page-1190	NONE
page-1191	NONE
page-1192	NONE
page-1193	NONE
page-1194	NONE
page-1195	NONE
page-1196	NONE
page-1197	NONE
page-1198	NONE
page-1199	NONE
page-1200	NONE
page-1201	NONE
page-1202	NONE
page-1203	NONE
page-1204	NONE
page-1205	NONE
page-1206	NONE
page-1207	NONE
page-1208	NONE
page-1209	NONE
page-1210	NONE
page-1211	NONE
page-1212	NONE
page-1213	NONE
page-1214	NONE
