A/handovers/ledgers/extract_plan_by_rb.tsv	3224f18510ff92eedd10c9b371255de5ad4856dd849c80c777991eea1dbed072
A/handovers/ledgers/page_to_recipe_block.tsv	49c2063da52dd03fe32b2cad81d945445619e6bb4ae3143960120d1d67f43569
A/handovers/ledgers/recipe_block_file_manifest.tsv	794f4542b3d462c1d8a810532737f76870f11a21de8e378b6ffff92b1753c894
A/handovers/ledgers/recipe_block_ledger_skeleton.tsv	4c19344d5abe8e49733908b2742d11f5cb04e35ab4af13e46f6b119370ee87e2
A/handovers/ledgers/recipe_block_manifest.tsv	8e58ba7cc71ed33affa2c51dd6ac924b1511d2616dca5c5dd26fc8d6759d5b81
A/handovers/ledgers/recipe_block_pages.tsv	c3396cc04a83698e5cda8f3ab4eb01a3353ec0205f826d8a5856ab9d8385a184
A/handovers/ledgers/recipe_record_ledger_skeleton.tsv	0c689131eac5ba93b8b6e5f6c99bc1cc86e4cb3ea456c22b95e0cbfdb9ae3287
A/handovers/ledgers/step4_outputs_index.tsv	8ca423abbe14b61c6395220df798b543316abfab5df70e0c2a70625fc0032f41
A/handovers/ledgers/step5_outputs_index.tsv	2a1cdb618f290abc917878be5ccffc8f12aa5c62ff6113f21c0e58f5ea8cdcbd
A/older_packs/blocks/candidate_blocks_runs.tsv	391d42d676cb3bf92293399cb2098cf04cc0c9df845d6b1f0c2246b57b726433
A/older_packs/blocks/revised_blocks_recipe_only.tsv	dc3d027d1c4d2c851b902ca16bced8c1865f86ff9eb8c2e94c8eff762935fe99
A/older_packs/blocks/revised_blocks.tsv	ad10e38842c2ff47b09bb921b107000f34e9d591e08645ff534c88f0ae2a4051
A/older_packs/ledgers/batch_001.tsv	b54baa88983191f98b2d80393399ce4adae519c591ded09336e83ac44d72d6a7
A/older_packs/ledgers/batch_002_candidates.tsv	49c54219426329e7e746a5936a72d80e5da8756436c40ad01dfe929c48da32ff
A/older_packs/ledgers/page_candidate_ledger_batch_001.tsv	f4e150ce749b160d053899f24285c4e5195abf5d6643b2075022aad0f3f2a073
A/older_packs/ledgers/page_candidate_ledger_batch_002.tsv	9425ca62b4bb8c800a1609ba665f0027d414e0f0b117a29d6ce7bccfc1f09742
A/older_packs/ledgers/page_candidate_ledger.tsv	546863c058b9c72790e8167dffba675eb8ce482a1fd07299c56ca5fc7ff929b6
A/older_packs/ledgers/page_exceptions_ledger.tsv	e24865924ed46bd0970c558033136bf409daa3c12102268299bf0a6ebb731f1d
A/older_packs/ledgers/page_to_recipe_block.tsv	49c2063da52dd03fe32b2cad81d945445619e6bb4ae3143960120d1d67f43569
A/older_packs/ledgers/recipe_block_file_manifest.tsv	794f4542b3d462c1d8a810532737f76870f11a21de8e378b6ffff92b1753c894
A/older_packs/ledgers/recipe_block_ledger_skeleton.tsv	4c19344d5abe8e49733908b2742d11f5cb04e35ab4af13e46f6b119370ee87e2
A/older_packs/ledgers/recipe_block_manifest.tsv	8e58ba7cc71ed33affa2c51dd6ac924b1511d2616dca5c5dd26fc8d6759d5b81
A/older_packs/ledgers/recipe_block_pages.tsv	c3396cc04a83698e5cda8f3ab4eb01a3353ec0205f826d8a5856ab9d8385a184
A/older_packs/ledgers/step4_outputs_index.tsv	8ca423abbe14b61c6395220df798b543316abfab5df70e0c2a70625fc0032f41
A/primary/blocks/candidate_blocks_runs.tsv	391d42d676cb3bf92293399cb2098cf04cc0c9df845d6b1f0c2246b57b726433
A/primary/blocks/revised_blocks_recipe_only.tsv	dc3d027d1c4d2c851b902ca16bced8c1865f86ff9eb8c2e94c8eff762935fe99
A/primary/blocks/revised_blocks.tsv	ad10e38842c2ff47b09bb921b107000f34e9d591e08645ff534c88f0ae2a4051
A/primary/ledgers/batch_001.tsv	b54baa88983191f98b2d80393399ce4adae519c591ded09336e83ac44d72d6a7
A/primary/ledgers/batch_002_candidates.tsv	49c54219426329e7e746a5936a72d80e5da8756436c40ad01dfe929c48da32ff
A/primary/ledgers/page_candidate_ledger_batch_001.tsv	f4e150ce749b160d053899f24285c4e5195abf5d6643b2075022aad0f3f2a073
A/primary/ledgers/page_candidate_ledger_batch_002.tsv	9425ca62b4bb8c800a1609ba665f0027d414e0f0b117a29d6ce7bccfc1f09742
A/primary/ledgers/page_candidate_ledger.tsv	546863c058b9c72790e8167dffba675eb8ce482a1fd07299c56ca5fc7ff929b6
A/primary/ledgers/page_exceptions_ledger.tsv	e24865924ed46bd0970c558033136bf409daa3c12102268299bf0a6ebb731f1d
A/primary/ledgers/page_to_recipe_block.tsv	49c2063da52dd03fe32b2cad81d945445619e6bb4ae3143960120d1d67f43569
A/primary/ledgers/recipe_block_file_manifest.tsv	794f4542b3d462c1d8a810532737f76870f11a21de8e378b6ffff92b1753c894
A/primary/ledgers/recipe_block_ledger_skeleton.tsv	4c19344d5abe8e49733908b2742d11f5cb04e35ab4af13e46f6b119370ee87e2
A/primary/ledgers/recipe_block_manifest.tsv	8e58ba7cc71ed33affa2c51dd6ac924b1511d2616dca5c5dd26fc8d6759d5b81
A/primary/ledgers/recipe_block_pages.tsv	c3396cc04a83698e5cda8f3ab4eb01a3353ec0205f826d8a5856ab9d8385a184
A/primary/ledgers/step4_outputs_index.tsv	8ca423abbe14b61c6395220df798b543316abfab5df70e0c2a70625fc0032f41
